Ticker,ref.date,price.adjusted,SMB,HML,RF,SP500Index
NVDA,2000/1/1,0.708314,5.77,-1.88,0.41,1394.46
NVDA,2000/2/1,1.223127,21.36,-9.59,0.43,1366.42
NVDA,2000/3/1,1.614611,-17.2,8.13,0.47,1498.58
NVDA,2000/4/1,1.7033,-6.68,7.26,0.46,1452.43
NVDA,2000/5/1,2.181084,-6.05,4.75,0.5,1420.6
NVDA,2000/6/1,2.429532,12.84,-8.42,0.4,1454.6
NVDA,2000/7/1,2.293362,-3.07,8.31,0.48,1430.83
NVDA,2000/8/1,3.033929,-0.61,-1.39,0.5,1517.68
NVDA,2000/9/1,3.129484,-1.82,7.17,0.51,1436.51
NVDA,2000/10/1,2.375184,-3.88,5.71,0.56,1429.4
NVDA,2000/11/1,1.54802,-3.41,12.3,0.51,1314.95
NVDA,2000/12/1,1.252391,0.73,7.61,0.5,1320.28
NVDA,2001/1/1,1.973249,6.68,-5.07,0.54,1366.01
NVDA,2001/2/1,1.708078,-0.78,12.47,0.38,1239.94
NVDA,2001/3/1,2.48149,0.25,6.42,0.42,1160.33
NVDA,2001/4/1,3.183953,0.55,-4.67,0.39,1249.46
NVDA,2001/5/1,3.272247,2.5,3.36,0.32,1255.82
NVDA,2001/6/1,3.545157,6.24,-1.12,0.28,1224.38
NVDA,2001/7/1,3.092219,-4.19,5.21,0.3,1211.23
NVDA,2001/8/1,3.237846,2.48,2.31,0.31,1133.58
NVDA,2001/9/1,2.099956,-6.23,1.45,0.28,1040.94
NVDA,2001/10/1,3.276452,7.48,-7.65,0.22,1059.78
NVDA,2001/11/1,4.176978,-0.47,2.21,0.17,1139.45
NVDA,2001/12/1,5.114201,4.74,0.84,0.15,1148.08
NVDA,2002/1/1,5.025523,1.19,3.44,0.14,1130.2
NVDA,2002/2/1,3.899481,-1.01,2.16,0.13,1106.73
NVDA,2002/3/1,3.39112,4.21,1.06,0.13,1147.39
NVDA,2002/4/1,2.661065,5.96,3.88,0.15,1076.92
NVDA,2002/5/1,2.557864,-3.21,1.53,0.14,1067.14
NVDA,2002/6/1,1.313333,4.29,-0.05,0.13,989.82
NVDA,2002/7/1,0.846251,-5.28,-3.85,0.15,911.62
NVDA,2002/8/1,0.772099,-2.86,3.28,0.14,916.07
NVDA,2002/9/1,0.654372,2.4,1.47,0.14,815.28
NVDA,2002/10/1,0.909701,-3.41,-3.95,0.14,885.76
NVDA,2002/11/1,1.30951,3.18,-1.23,0.12,936.31
NVDA,2002/12/1,0.879887,0.09,2.14,0.11,879.82
NVDA,2003/1/1,0.788917,1.33,-0.83,0.1,855.7
NVDA,2003/2/1,0.964742,-0.45,-1.39,0.09,841.15
NVDA,2003/3/1,0.984617,1.02,-1.93,0.1,848.18
NVDA,2003/4/1,1.095463,0.63,1.14,0.1,916.92
NVDA,2003/5/1,2.000576,4.67,0.4,0.09,963.59
NVDA,2003/6/1,1.751366,1.74,0.11,0.1,974.5
NVDA,2003/7/1,1.459343,5.06,-1.24,0.07,990.31
NVDA,2003/8/1,1.389014,2.59,1.53,0.07,1008.01
NVDA,2003/9/1,1.220833,0.8,0.16,0.08,995.97
NVDA,2003/10/1,1.351555,2.7,1.97,0.07,1050.71
NVDA,2003/11/1,1.622937,2.08,1.78,0.07,1058.2
NVDA,2003/12/1,1.773534,-2.68,1.6,0.08,1111.92
NVDA,2004/1/1,1.700911,2.55,2.49,0.07,1131.13
NVDA,2004/2/1,1.700911,-1.58,0.9,0.06,1144.94
NVDA,2004/3/1,2.01816,1.72,0.27,0.09,1126.21
NVDA,2004/4/1,1.56866,-1.68,-3.1,0.08,1107.3
NVDA,2004/5/1,1.792646,-0.2,-0.25,0.06,1120.68
NVDA,2004/6/1,1.564838,2.26,1.18,0.08,1140.84
NVDA,2004/7/1,1.178789,-3.81,3.24,0.1,1101.72
NVDA,2004/8/1,0.95251,-1.48,0.97,0.11,1104.24
NVDA,2004/9/1,1.109988,3.01,0,0.11,1114.58
NVDA,2004/10/1,1.106165,0.15,-0.22,0.11,1130.2
NVDA,2004/11/1,1.462401,3.74,1.41,0.15,1173.82
NVDA,2004/12/1,1.801054,-0.03,-0.22,0.16,1211.92
NVDA,2005/1/1,1.752129,-1.72,2.06,0.16,1181.27
NVDA,2005/2/1,2.216153,-0.57,1.54,0.16,1203.6
NVDA,2005/3/1,1.816344,-1.4,2.04,0.21,1180.59
NVDA,2005/4/1,1.676448,-3.94,0.07,0.21,1156.85
NVDA,2005/5/1,2.071671,2.89,-0.64,0.24,1191.5
NVDA,2005/6/1,2.042622,2.58,2.83,0.23,1191.33
NVDA,2005/7/1,2.068613,2.91,-0.79,0.24,1234.18
NVDA,2005/8/1,2.345347,-0.97,1.32,0.3,1220.33
NVDA,2005/9/1,2.620549,-0.65,0.71,0.29,1228.81
NVDA,2005/10/1,2.564744,-1.25,0.42,0.27,1207.01
NVDA,2005/11/1,2.763503,0.99,-1.16,0.31,1249.48
NVDA,2005/12/1,2.794846,-0.42,0.2,0.32,1248.29
NVDA,2006/1/1,3.436987,5.39,1.08,0.35,1280.08
NVDA,2006/2/1,3.602873,-0.38,-0.34,0.34,1280.66
NVDA,2006/3/1,4.377264,3.44,0.6,0.37,1294.87
NVDA,2006/4/1,4.467472,-1.42,2.34,0.36,1310.61
NVDA,2006/5/1,3.513432,-2.96,2.41,0.43,1270.09
NVDA,2006/6/1,3.255046,-0.39,0.85,0.4,1270.2
NVDA,2006/7/1,3.385005,-3.98,2.6,0.4,1276.66
NVDA,2006/8/1,4.450655,1.03,-2.06,0.42,1303.82
NVDA,2006/9/1,4.524041,-1.36,0.08,0.41,1335.85
NVDA,2006/10/1,5.331305,1.75,-0.31,0.41,1377.94
NVDA,2006/11/1,5.655433,0.7,0.14,0.42,1400.63
NVDA,2006/12/1,5.658491,-1.14,2.73,0.4,1418.3
NVDA,2007/1/1,4.686105,0.13,-0.68,0.44,1438.24
NVDA,2007/2/1,4.739617,1.19,-0.14,0.38,1406.82
NVDA,2007/3/1,4.4002,0.16,-0.97,0.43,1420.86
NVDA,2007/4/1,5.028581,-2.16,-1.45,0.44,1482.37
NVDA,2007/5/1,5.296139,0.24,-0.65,0.41,1530.62
NVDA,2007/6/1,6.315922,0.74,-1.05,0.4,1503.35
NVDA,2007/7/1,6.996287,-2.61,-3.71,0.4,1455.27
NVDA,2007/8/1,7.821894,-0.12,-1.86,0.42,1473.99
NVDA,2007/9/1,8.311146,-2.23,-2.21,0.32,1526.75
NVDA,2007/10/1,8.113916,0.08,-2.98,0.32,1549.38
NVDA,2007/11/1,7.233266,-2.93,-0.94,0.34,1481.14
NVDA,2007/12/1,7.802019,0.13,-0.55,0.27,1468.36
NVDA,2008/1/1,5.639379,-1.03,3.97,0.21,1378.55
NVDA,2008/2/1,4.905503,-0.43,-0.84,0.13,1330.63
NVDA,2008/3/1,4.538566,0.71,0.3,0.17,1322.7
NVDA,2008/4/1,4.712861,-1.72,-0.94,0.18,1385.59
NVDA,2008/5/1,5.664608,2.96,-1.43,0.18,1400.38
NVDA,2008/6/1,4.293176,1.23,-2.71,0.17,1280
NVDA,2008/7/1,2.623608,2.61,5.42,0.15,1267.38
NVDA,2008/8/1,2.898811,3.6,1.59,0.13,1282.83
NVDA,2008/9/1,2.456192,-1.23,5.91,0.15,1166.36
NVDA,2008/10/1,2.008986,-2.6,-2.3,0.08,968.75
NVDA,2008/11/1,1.713143,-2.85,-6.31,0.03,896.24
NVDA,2008/12/1,1.850744,3.46,0.14,0,903.25
NVDA,2009/1/1,1.823223,0.07,-11.29,0,825.88
NVDA,2009/2/1,1.898904,0.05,-6.95,0.01,735.09
NVDA,2009/3/1,2.261256,0.03,3.47,0.02,797.87
NVDA,2009/4/1,2.63278,5.4,5.36,0.01,872.81
NVDA,2009/5/1,2.391977,-2.52,0.28,0,919.14
NVDA,2009/6/1,2.589207,2.63,-2.73,0.01,919.32
NVDA,2009/7/1,2.965319,1.87,4.83,0.01,987.48
NVDA,2009/8/1,3.329963,-1.08,7.63,0.01,1020.62
NVDA,2009/9/1,3.446925,2.43,1.05,0.01,1057.08
NVDA,2009/10/1,2.742862,-4.35,-4.21,0,1036.19
NVDA,2009/11/1,2.995132,-2.4,-0.34,0,1095.63
NVDA,2009/12/1,4.284002,6.05,-0.17,0.01,1115.1
NVDA,2010/1/1,3.529485,0.4,0.43,0,1073.87
NVDA,2010/2/1,3.715248,1.19,3.23,0,1104.49
NVDA,2010/3/1,3.99045,1.48,2.21,0.01,1169.43
NVDA,2010/4/1,3.602873,4.87,2.89,0.01,1186.69
NVDA,2010/5/1,3.013479,0.09,-2.44,0.01,1089.41
NVDA,2010/6/1,2.341524,-1.82,-4.7,0.01,1030.71
NVDA,2010/7/1,2.107601,0.2,-0.31,0.01,1101.6
NVDA,2010/8/1,2.139708,-3,-1.9,0.01,1049.33
NVDA,2010/9/1,2.678648,3.96,-3.16,0.01,1141.2
NVDA,2010/10/1,2.756623,1.14,-2.43,0.01,1183.26
NVDA,2010/11/1,3.121267,3.77,-0.96,0.01,1180.55
NVDA,2010/12/1,3.531779,0.73,3.7,0.01,1257.64
NVDA,2011/1/1,5.485725,-2.5,0.83,0.01,1286.12
NVDA,2011/2/1,5.196762,1.53,1.27,0.01,1327.22
NVDA,2011/3/1,4.233548,2.54,-1.83,0.01,1325.83
NVDA,2011/4/1,4.586725,-0.38,-2.43,0,1363.61
NVDA,2011/5/1,4.595901,-0.59,-2.12,0,1345.2
NVDA,2011/6/1,3.65562,-0.12,-0.42,0,1320.64
NVDA,2011/7/1,3.171721,-1.26,-0.9,0,1292.28
NVDA,2011/8/1,3.052467,-3.05,-2.36,0.01,1218.89
NVDA,2011/9/1,2.868997,-3.31,-1.72,0,1131.42
NVDA,2011/10/1,3.394178,3.28,0.1,0,1253.3
NVDA,2011/11/1,3.584527,-0.16,-0.46,0,1246.96
NVDA,2011/12/1,3.178601,-0.59,1.63,0,1257.6
NVDA,2012/1/1,3.387298,2.04,-0.97,0,1312.41
NVDA,2012/2/1,3.474445,-1.85,0.43,0,1365.68
NVDA,2012/3/1,3.531779,-0.64,1.14,0,1408.47
NVDA,2012/4/1,2.981371,-0.42,-0.78,0,1397.91
NVDA,2012/5/1,2.850651,0.07,-1.07,0.01,1310.33
NVDA,2012/6/1,3.169429,0.67,0.62,0,1362.16
NVDA,2012/7/1,3.105214,-2.74,-0.02,0,1379.32
NVDA,2012/8/1,3.217588,0.47,1.3,0.01,1406.58
NVDA,2012/9/1,3.059346,0.5,1.6,0.01,1440.67
NVDA,2012/10/1,2.747449,-1.15,3.59,0.01,1412.16
NVDA,2012/11/1,2.745155,0.63,-0.84,0.01,1416.18
NVDA,2012/12/1,2.829803,1.48,3.51,0.01,1426.19
NVDA,2013/1/1,2.829803,0.33,0.96,0,1498.11
NVDA,2013/2/1,2.922128,-0.27,0.11,0,1514.68
NVDA,2013/3/1,2.979536,0.81,-0.19,0,1569.19
NVDA,2013/4/1,3.197834,-2.37,0.45,0,1597.57
NVDA,2013/5/1,3.360396,1.7,2.63,0,1630.74
NVDA,2013/6/1,3.277098,1.33,0.03,0,1606.28
NVDA,2013/7/1,3.370464,1.87,0.57,0,1685.73
NVDA,2013/8/1,3.442822,0.27,-2.69,0,1632.97
NVDA,2013/9/1,3.650197,2.88,-1.22,0,1681.55
NVDA,2013/10/1,3.563398,-1.53,1.25,0,1756.54
NVDA,2013/11/1,3.659581,1.29,0.32,0,1805.81
NVDA,2013/12/1,3.778459,-0.46,-0.02,0,1848.36
NVDA,2014/1/1,3.702985,0.89,-2.07,0,1782.59
NVDA,2014/2/1,4.335087,0.35,-0.31,0,1859.45
NVDA,2014/3/1,4.243307,-1.81,4.93,0,1872.34
NVDA,2014/4/1,4.375984,-4.19,1.17,0,1883.95
NVDA,2014/5/1,4.501555,-1.88,-0.13,0,1923.57
NVDA,2014/6/1,4.4128,3.09,-0.7,0,1960.23
NVDA,2014/7/1,4.165265,-4.29,0.03,0,1930.67
NVDA,2014/8/1,4.629394,0.4,-0.45,0,2003.37
NVDA,2014/9/1,4.410805,-3.71,-1.34,0,1972.29
NVDA,2014/10/1,4.671388,4.21,-1.81,0,2018.05
NVDA,2014/11/1,5.013255,-2.06,-3.09,0,2067.56
NVDA,2014/12/1,4.813599,2.49,2.27,0,2058.9
NVDA,2015/1/1,4.609531,-0.56,-3.58,0,1994.99
NVDA,2015/2/1,5.296159,0.63,-1.86,0,2104.5
NVDA,2015/3/1,5.044217,3.04,-0.37,0,2067.89
NVDA,2015/4/1,5.350294,-3.06,1.82,0,2085.51
NVDA,2015/5/1,5.333422,0.93,-1.14,0,2107.39
NVDA,2015/6/1,4.869027,2.91,-0.79,0,2063.11
NVDA,2015/7/1,4.830289,-4.17,-4.13,0,2103.84
NVDA,2015/8/1,5.442852,0.33,2.77,0,1972.18
NVDA,2015/9/1,5.993361,-2.62,0.56,0,1920.03
NVDA,2015/10/1,6.897836,-1.88,-0.46,0,2079.36
NVDA,2015/11/1,7.712352,3.6,-0.42,0,2080.41
NVDA,2015/12/1,8.044272,-2.84,-2.61,0.01,2043.94
NVDA,2016/1/1,7.148568,-3.42,2.09,0.01,1940.24
NVDA,2016/2/1,7.653775,0.73,-0.57,0.02,1932.23
NVDA,2016/3/1,8.727597,0.82,1.19,0.02,2059.74
NVDA,2016/4/1,8.703103,0.76,3.28,0.01,2065.3
NVDA,2016/5/1,11.444106,-0.17,-1.66,0.01,2096.95
NVDA,2016/6/1,11.545041,0.61,-1.48,0.02,2098.86
NVDA,2016/7/1,14.023016,2.49,-1.32,0.02,2173.6
NVDA,2016/8/1,15.064302,1.15,3.18,0.02,2170.95
NVDA,2016/9/1,16.858627,2.12,-1.24,0.02,2168.27
NVDA,2016/10/1,17.508167,-4.4,4.09,0.02,2126.15
NVDA,2016/11/1,22.684845,5.71,8.21,0.01,2198.81
NVDA,2016/12/1,26.30158,0.1,3.53,0.03,2238.83
NVDA,2017/1/1,26.902807,-1.19,-2.75,0.04,2278.87
NVDA,2017/2/1,25.005474,-2.05,-1.67,0.04,2363.64
NVDA,2017/3/1,26.875084,1.14,-3.35,0.03,2362.72
NVDA,2017/4/1,25.732775,0.73,-2.13,0.05,2384.2
NVDA,2017/5/1,35.613865,-2.57,-3.78,0.06,2411.8
NVDA,2017/6/1,35.703239,2.25,1.48,0.06,2423.41
NVDA,2017/7/1,40.136509,-1.51,-0.31,0.07,2470.3
NVDA,2017/8/1,41.848072,-1.67,-2.09,0.09,2471.65
NVDA,2017/9/1,44.191261,4.47,3.14,0.09,2519.36
NVDA,2017/10/1,51.122627,-1.94,0.2,0.09,2575.26
NVDA,2017/11/1,49.614742,-0.55,-0.03,0.08,2647.58
NVDA,2017/12/1,47.865688,-1.32,0.06,0.09,2673.61
NVDA,2018/1/1,60.803028,-3.13,-1.29,0.12,2823.81
NVDA,2018/2/1,59.863033,0.25,-1.04,0.11,2713.83
NVDA,2018/3/1,57.323532,4.06,-0.21,0.11,2640.87
NVDA,2018/4/1,55.667606,1.13,0.54,0.14,2648.05
NVDA,2018/5/1,62.422478,5.25,-3.2,0.14,2705.27
NVDA,2018/6/1,58.674126,1.14,-2.34,0.14,2718.37
NVDA,2018/7/1,60.64563,-2.22,0.47,0.16,2816.29
NVDA,2018/8/1,69.517342,1.14,-3.94,0.16,2901.52
NVDA,2018/9/1,69.639595,-2.27,-1.7,0.15,2913.98
NVDA,2018/10/1,52.245823,-4.78,3.4,0.19,2711.74
NVDA,2018/11/1,40.499611,-0.68,0.3,0.18,2760.17
NVDA,2018/12/1,33.115749,-2.38,-1.84,0.2,2506.85
NVDA,2019/1/1,35.658356,2.9,-0.46,0.21,2704.1
NVDA,2019/2/1,38.265446,2.05,-2.67,0.18,2784.49
NVDA,2019/3/1,44.587223,-3.05,-4.17,0.19,2834.4
NVDA,2019/4/1,44.944794,-1.74,2.15,0.21,2945.83
NVDA,2019/5/1,33.636589,-1.32,-2.37,0.21,2752.06
NVDA,2019/6/1,40.827106,0.29,-0.71,0.18,2941.76
NVDA,2019/7/1,41.943314,-1.93,0.48,0.19,2980.38
NVDA,2019/8/1,41.642517,-2.38,-4.78,0.16,2926.46
NVDA,2019/9/1,43.316154,-0.96,6.75,0.18,2976.74
NVDA,2019/10/1,50.02248,0.29,-1.91,0.16,3037.56
NVDA,2019/11/1,53.934299,0.77,-2.02,0.12,3140.98
NVDA,2019/12/1,58.596031,0.73,1.75,0.14,3230.78
NVDA,2020/1/1,58.877426,-3.11,-6.25,0.13,3225.52
NVDA,2020/2/1,67.2547,1.07,-3.81,0.12,2954.22
NVDA,2020/3/1,65.682777,-4.83,-13.87,0.13,2584.59
NVDA,2020/4/1,72.829117,2.45,-1.33,0,2912.43
NVDA,2020/5/1,88.46241,2.47,-4.88,0.01,3044.31
NVDA,2020/6/1,94.664413,2.69,-2.2,0.01,3100.29
NVDA,2020/7/1,105.845863,-2.33,-1.41,0.01,3271.12
NVDA,2020/8/1,133.364914,-0.22,-2.97,0.01,3500.31
NVDA,2020/9/1,134.920486,0.02,-2.71,0.01,3363
NVDA,2020/10/1,125.021202,4.38,4.25,0.01,3269.96
NVDA,2020/11/1,133.674149,5.8,2.09,0.01,3621.63
NVDA,2020/12/1,130.217941,4.89,-1.51,0.01,3756.07
NVDA,2021/1/1,129.605423,7.36,3.01,0.01,3714.24
NVDA,2021/2/1,136.836624,2.05,7.15,0,3811.15
NVDA,2021/3/1,133.182327,-2.37,7.39,0,3972.89
NVDA,2021/4/1,149.809174,-3.19,-0.95,0,4181.17
NVDA,2021/5/1,162.135635,-0.25,7.09,0,4204.11
NVDA,2021/6/1,199.644073,1.68,-7.87,0,4297.5
NVDA,2021/7/1,194.663284,-3.97,-1.78,0,4395.26
NVDA,2021/8/1,223.474915,-0.42,-0.15,0,4522.68
NVDA,2021/9/1,206.84935,0.71,5.08,0,4307.54
NVDA,2021/10/1,255.286591,-2.35,-0.49,0,4605.38
NVDA,2021/11/1,326.27005,-1.32,-0.45,0,4567
NVDA,2021/12/1,293.668945,-1.67,3.26,0.01,4766.18
NVDA,2022/1/1,244.522751,-5.94,12.75,0,4515.55
NVDA,2022/2/1,243.51413,2.19,3.08,0,4373.94
NVDA,2022/3/1,272.484192,-1.61,-1.81,0.01,4530.41
NVDA,2022/4/1,185.246094,-1.39,6.17,0.01,4131.93
NVDA,2022/5/1,186.494583,-1.83,8.39,0.03,4132.15
NVDA,2022/6/1,151.407013,2.1,-5.97,0.06,3785.38
NVDA,2022/7/1,181.449112,2.81,-4.05,0.08,4130.29
NVDA,2022/8/1,150.789658,1.4,0.29,0.19,3955
NVDA,2022/9/1,121.269089,-0.81,0.05,0.19,3585.62
NVDA,2022/10/1,134.875641,0.06,8.01,0.23,3871.98
NVDA,2022/11/1,169.111679,-3.52,1.38,0.29,4080.11
NVDA,2022/12/1,146.07518,-0.69,1.37,0.33,3839.5
NVDA,2023/1/1,195.28334,5.01,-4.01,0.35,4076.6
NVDA,2023/2/1,232.057053,1.17,-0.81,0.34,3970.15
NVDA,2023/3/1,277.64679,-5.51,-8.85,0.36,4109.31
NVDA,2023/4/1,277.414032,-3.35,-0.04,0.35,4169.48
NVDA,2023/5/1,378.23642,1.61,-7.72,0.36,4179.83
NVDA,2023/6/1,422.904205,1.54,-0.26,0.4,4450.38
NVDA,2023/7/1,467.210449,2.08,4.11,0.45,4588.96
NVDA,2023/8/1,493.465942,-3.16,-1.06,0.45,4507.66
NVDA,2023/9/1,434.915924,-2.51,1.52,0.43,4288.05
NVDA,2023/10/1,407.76413,-3.87,0.19,0.47,4193.8
NVDA,2023/11/1,467.658905,-0.02,1.64,0.44,4567.8
NVDA,2023/12/1,495.176453,6.35,4.94,0.43,4769.83
APPL,2000/1/1,0.784238,5.77,-1.88,0.41,1394.46
APPL,2000/2/1,0.866442,21.36,-9.59,0.43,1366.42
APPL,2000/3/1,1.026597,-17.2,8.13,0.47,1498.58
APPL,2000/4/1,0.937779,-6.68,7.26,0.46,1452.43
APPL,2000/5/1,0.63495,-6.05,4.75,0.5,1420.6
APPL,2000/6/1,0.791797,12.84,-8.42,0.4,1454.6
APPL,2000/7/1,0.768175,-3.07,8.31,0.48,1430.83
APPL,2000/8/1,0.921244,-0.61,-1.39,0.5,1517.68
APPL,2000/9/1,0.389284,-1.82,7.17,0.51,1436.51
APPL,2000/10/1,0.295743,-3.88,5.71,0.56,1429.4
APPL,2000/11/1,0.249445,-3.41,12.3,0.51,1314.95
APPL,2000/12/1,0.224878,0.73,7.61,0.5,1320.28
APPL,2001/1/1,0.326924,6.68,-5.07,0.54,1366.01
APPL,2001/2/1,0.275901,-0.78,12.47,0.38,1239.94
APPL,2001/3/1,0.333651,0.25,6.42,0.42,1160.33
APPL,2001/4/1,0.385354,0.55,-4.67,0.39,1249.46
APPL,2001/5/1,0.301601,2.5,3.36,0.32,1255.82
APPL,2001/6/1,0.35149,6.24,-1.12,0.28,1224.38
APPL,2001/7/1,0.284065,-4.19,5.21,0.3,1211.23
APPL,2001/8/1,0.280436,2.48,2.31,0.31,1133.58
APPL,2001/9/1,0.234478,-6.23,1.45,0.28,1040.94
APPL,2001/10/1,0.265469,7.48,-7.65,0.22,1059.78
APPL,2001/11/1,0.32201,-0.47,2.21,0.17,1139.45
APPL,2001/12/1,0.331081,4.74,0.84,0.15,1148.08
APPL,2002/1/1,0.373714,1.19,3.44,0.14,1130.2
APPL,2002/2/1,0.328057,-1.01,2.16,0.13,1106.73
APPL,2002/3/1,0.35784,4.21,1.06,0.13,1147.39
APPL,2002/4/1,0.36691,5.96,3.88,0.15,1076.92
APPL,2002/5/1,0.352246,-3.21,1.53,0.14,1067.14
APPL,2002/6/1,0.267889,4.29,-0.05,0.13,989.82
APPL,2002/7/1,0.230698,-5.28,-3.85,0.15,911.62
APPL,2002/8/1,0.222988,-2.86,3.28,0.14,916.07
APPL,2002/9/1,0.219209,2.4,1.47,0.14,815.28
APPL,2002/10/1,0.242944,-3.41,-3.95,0.14,885.76
APPL,2002/11/1,0.234327,3.18,-1.23,0.12,936.31
APPL,2002/12/1,0.216639,0.09,2.14,0.11,879.82
APPL,2003/1/1,0.217093,1.33,-0.83,0.1,855.7
APPL,2003/2/1,0.226919,-0.45,-1.39,0.09,841.15
APPL,2003/3/1,0.213766,1.02,-1.93,0.1,848.18
APPL,2003/4/1,0.214976,0.63,1.14,0.1,916.92
APPL,2003/5/1,0.271366,4.67,0.4,0.09,963.59
APPL,2003/6/1,0.288146,1.74,0.11,0.1,974.5
APPL,2003/7/1,0.318685,5.06,-1.24,0.07,990.31
APPL,2003/8/1,0.341815,2.59,1.53,0.07,1008.01
APPL,2003/9/1,0.313242,0.8,0.16,0.08,995.97
APPL,2003/10/1,0.346048,2.7,1.97,0.07,1050.71
APPL,2003/11/1,0.316114,2.08,1.78,0.07,1058.2
APPL,2003/12/1,0.323068,-2.68,1.6,0.08,1111.92
APPL,2004/1/1,0.341058,2.55,2.49,0.07,1131.13
APPL,2004/2/1,0.361619,-1.58,0.9,0.06,1144.94
APPL,2004/3/1,0.408786,1.72,0.27,0.09,1126.21
APPL,2004/4/1,0.389738,-1.68,-3.1,0.08,1107.3
APPL,2004/5/1,0.424207,-0.2,-0.25,0.06,1120.68
APPL,2004/6/1,0.491935,2.26,1.18,0.08,1140.84
APPL,2004/7/1,0.488911,-3.81,3.24,0.1,1101.72
APPL,2004/8/1,0.521415,-1.48,0.97,0.11,1104.24
APPL,2004/9/1,0.585816,3.01,0,0.11,1114.58
APPL,2004/10/1,0.792175,0.15,-0.22,0.11,1130.2
APPL,2004/11/1,1.013651,3.74,1.41,0.15,1173.82
APPL,2004/12/1,0.973589,-0.03,-0.22,0.16,1211.92
APPL,2005/1/1,1.162563,-1.72,2.06,0.16,1181.27
APPL,2005/2/1,1.356374,-0.57,1.54,0.16,1203.6
APPL,2005/3/1,1.259921,-1.4,2.04,0.21,1180.59
APPL,2005/4/1,1.090299,-3.94,0.07,0.21,1156.85
APPL,2005/5/1,1.202171,2.89,-0.64,0.24,1191.5
APPL,2005/6/1,1.112976,2.58,2.83,0.23,1191.33
APPL,2005/7/1,1.289552,2.91,-0.79,0.24,1234.18
APPL,2005/8/1,1.417752,-0.97,1.32,0.3,1220.33
APPL,2005/9/1,1.620936,-0.65,0.71,0.29,1228.81
APPL,2005/10/1,1.741274,-1.25,0.42,0.27,1207.01
APPL,2005/11/1,2.050585,0.99,-1.16,0.31,1249.48
APPL,2005/12/1,2.173643,-0.42,0.2,0.32,1248.29
APPL,2006/1/1,2.283098,5.39,1.08,0.35,1280.08
APPL,2006/2/1,2.070843,-0.38,-0.34,0.34,1280.66
APPL,2006/3/1,1.896382,3.44,0.6,0.37,1294.87
APPL,2006/4/1,2.128291,-1.42,2.34,0.36,1310.61
APPL,2006/5/1,1.807187,-2.96,2.41,0.43,1270.09
APPL,2006/6/1,1.731598,-0.39,0.85,0.4,1270.2
APPL,2006/7/1,2.054818,-3.98,2.6,0.4,1276.66
APPL,2006/8/1,2.051491,1.03,-2.06,0.42,1303.82
APPL,2006/9/1,2.327543,-1.36,0.08,0.41,1335.85
APPL,2006/10/1,2.451509,1.75,-0.31,0.41,1377.94
APPL,2006/11/1,2.771403,0.7,0.14,0.42,1400.63
APPL,2006/12/1,2.565197,-1.14,2.73,0.4,1418.3
APPL,2007/1/1,2.592106,0.13,-0.68,0.44,1438.24
APPL,2007/2/1,2.558242,1.19,-0.14,0.38,1406.82
APPL,2007/3/1,2.809199,0.16,-0.97,0.43,1420.86
APPL,2007/4/1,3.017522,-2.16,-1.45,0.44,1482.37
APPL,2007/5/1,3.664263,0.24,-0.65,0.41,1530.62
APPL,2007/6/1,3.689964,0.74,-1.05,0.4,1503.35
APPL,2007/7/1,3.983856,-2.61,-3.71,0.4,1455.27
APPL,2007/8/1,4.187039,-0.12,-1.86,0.42,1473.99
APPL,2007/9/1,4.64027,-2.23,-2.21,0.32,1526.75
APPL,2007/10/1,5.743271,0.08,-2.98,0.32,1549.38
APPL,2007/11/1,5.50955,-2.93,-0.94,0.34,1481.14
APPL,2007/12/1,5.989086,0.13,-0.55,0.27,1468.36
APPL,2008/1/1,4.092706,-1.03,3.97,0.21,1378.55
APPL,2008/2/1,3.780068,-0.43,-0.84,0.13,1330.63
APPL,2008/3/1,4.338822,0.71,0.3,0.17,1322.7
APPL,2008/4/1,5.2595,-1.72,-0.94,0.18,1385.59
APPL,2008/5/1,5.706985,2.96,-1.43,0.18,1400.38
APPL,2008/6/1,5.062665,1.23,-2.71,0.17,1280
APPL,2008/7/1,4.805964,2.61,5.42,0.15,1267.38
APPL,2008/8/1,5.125859,3.6,1.59,0.13,1282.83
APPL,2008/9/1,3.43659,-1.23,5.91,0.15,1166.36
APPL,2008/10/1,3.253058,-2.6,-2.3,0.08,968.75
APPL,2008/11/1,2.801941,-2.85,-6.31,0.03,896.24
APPL,2008/12/1,2.580617,3.46,0.14,0,903.25
APPL,2009/1/1,2.725143,0.07,-11.29,0,825.88
APPL,2009/2/1,2.70035,0.05,-6.95,0.01,735.09
APPL,2009/3/1,3.178377,0.03,3.47,0.02,797.87
APPL,2009/4/1,3.804558,5.4,5.36,0.01,872.81
APPL,2009/5/1,4.10631,-2.52,0.28,0,919.14
APPL,2009/6/1,4.30647,2.63,-2.73,0.01,919.32
APPL,2009/7/1,4.940211,1.87,4.83,0.01,987.48
APPL,2009/8/1,5.085945,-1.08,7.63,0.01,1020.62
APPL,2009/9/1,5.604187,2.43,1.05,0.01,1057.08
APPL,2009/10/1,5.699428,-4.35,-4.21,0,1036.19
APPL,2009/11/1,6.044419,-2.4,-0.34,0,1095.63
APPL,2009/12/1,6.371567,6.05,-0.17,0.01,1115.1
APPL,2010/1/1,5.807067,0.4,0.43,0,1073.87
APPL,2010/2/1,6.186828,1.19,3.23,0,1104.49
APPL,2010/3/1,7.105387,1.48,2.21,0.01,1169.43
APPL,2010/4/1,7.894238,4.87,2.89,0.01,1186.69
APPL,2010/5/1,7.766947,0.09,-2.44,0.01,1089.41
APPL,2010/6/1,7.605183,-1.82,-4.7,0.01,1030.71
APPL,2010/7/1,7.778133,0.2,-0.31,0.01,1101.6
APPL,2010/8/1,7.350299,-3,-1.9,0.01,1049.33
APPL,2010/9/1,8.579381,3.96,-3.16,0.01,1141.2
APPL,2010/10/1,9.100338,1.14,-2.43,0.01,1183.26
APPL,2010/11/1,9.407837,3.77,-0.96,0.01,1180.55
APPL,2010/12/1,9.752827,0.73,3.7,0.01,1257.64
APPL,2011/1/1,10.259578,-2.5,0.83,0.01,1286.12
APPL,2011/2/1,10.679552,1.53,1.27,0.01,1327.22
APPL,2011/3/1,10.537444,2.54,-1.83,0.01,1325.83
APPL,2011/4/1,10.586425,-0.38,-2.43,0,1363.61
APPL,2011/5/1,10.516883,-0.59,-2.12,0,1345.2
APPL,2011/6/1,10.149213,-0.12,-0.42,0,1320.64
APPL,2011/7/1,11.806432,-1.26,-0.9,0,1292.28
APPL,2011/8/1,11.635602,-3.05,-2.36,0.01,1218.89
APPL,2011/9/1,11.529473,-3.31,-1.72,0,1131.42
APPL,2011/10/1,12.238804,3.28,0.1,0,1253.3
APPL,2011/11/1,11.55608,-0.16,-0.46,0,1246.96
APPL,2011/12/1,12.245459,-0.59,1.63,0,1257.6
APPL,2012/1/1,13.801989,2.04,-0.97,0,1312.41
APPL,2012/2/1,16.401051,-1.85,0.43,0,1365.68
APPL,2012/3/1,18.127813,-0.64,1.14,0,1408.47
APPL,2012/4/1,17.65704,-0.42,-0.78,0,1397.91
APPL,2012/5/1,17.468069,0.07,-1.07,0.01,1310.33
APPL,2012/6/1,17.657652,0.67,0.62,0,1362.16
APPL,2012/7/1,18.466753,-2.74,-0.02,0,1379.32
APPL,2012/8/1,20.113995,0.47,1.3,0.01,1406.58
APPL,2012/9/1,20.256832,0.5,1.6,0.01,1440.67
APPL,2012/10/1,18.0772,-1.15,3.59,0.01,1412.16
APPL,2012/11/1,17.772327,0.63,-0.84,0.01,1416.18
APPL,2012/12/1,16.233423,1.48,3.51,0.01,1426.19
APPL,2013/1/1,13.894361,0.33,0.96,0,1498.11
APPL,2013/2/1,13.464558,-0.27,0.11,0,1514.68
APPL,2013/3/1,13.581685,0.81,-0.19,0,1569.19
APPL,2013/4/1,13.585371,-2.37,0.45,0,1597.57
APPL,2013/5/1,13.798612,1.7,2.63,0,1630.74
APPL,2013/6/1,12.246857,1.33,0.03,0,1606.28
APPL,2013/7/1,13.976424,1.87,0.57,0,1685.73
APPL,2013/8/1,15.047824,0.27,-2.69,0,1632.97
APPL,2013/9/1,14.821681,2.88,-1.22,0,1681.55
APPL,2013/10/1,16.250221,-1.53,1.25,0,1756.54
APPL,2013/11/1,17.287663,1.29,0.32,0,1805.81
APPL,2013/12/1,17.543383,-0.46,-0.02,0,1848.36
APPL,2014/1/1,15.654016,0.89,-2.07,0,1782.59
APPL,2014/2/1,16.455795,0.35,-0.31,0,1859.45
APPL,2014/3/1,16.884602,-1.81,4.93,0,1872.34
APPL,2014/4/1,18.562868,-4.19,1.17,0,1883.95
APPL,2014/5/1,19.91272,-1.88,-0.13,0,1923.57
APPL,2014/6/1,20.577843,3.09,-0.7,0,1960.23
APPL,2014/7/1,21.169069,-4.29,0.03,0,1930.67
APPL,2014/8/1,22.696966,0.4,-0.45,0,2003.37
APPL,2014/9/1,22.420416,-3.71,-1.34,0,1972.29
APPL,2014/10/1,24.0338,4.21,-1.81,0,2018.05
APPL,2014/11/1,26.466103,-2.06,-3.09,0,2067.56
APPL,2014/12/1,24.669943,2.49,2.27,0,2058.9
APPL,2015/1/1,26.185276,-0.56,-3.58,0,1994.99
APPL,2015/2/1,28.710825,0.63,-1.86,0,2104.5
APPL,2015/3/1,27.919878,3.04,-0.37,0,2067.89
APPL,2015/4/1,28.081429,-3.06,1.82,0,2085.51
APPL,2015/5/1,29.232512,0.93,-1.14,0,2107.39
APPL,2015/6/1,28.261824,2.91,-0.79,0,2063.11
APPL,2015/7/1,27.331251,-4.17,-4.13,0,2103.84
APPL,2015/8/1,25.407017,0.33,2.77,0,1972.18
APPL,2015/9/1,24.965227,-2.62,0.56,0,1920.03
APPL,2015/10/1,27.04755,-1.88,-0.46,0,2079.36
APPL,2015/11/1,26.775946,3.6,-0.42,0,2080.41
APPL,2015/12/1,23.92646,-2.84,-2.61,0.01,2043.94
APPL,2016/1/1,22.126181,-3.42,2.09,0.01,1940.24
APPL,2016/2/1,21.978434,0.73,-0.57,0.02,1932.23
APPL,2016/3/1,24.908752,0.82,1.19,0.02,2059.74
APPL,2016/4/1,21.423489,0.76,3.28,0.01,2065.3
APPL,2016/5/1,22.822165,-0.17,-1.66,0.01,2096.95
APPL,2016/6/1,21.981606,0.61,-1.48,0.02,2098.86
APPL,2016/7/1,23.961325,2.49,-1.32,0.02,2173.6
APPL,2016/8/1,24.395899,1.15,3.18,0.02,2170.95
APPL,2016/9/1,26.13475,2.12,-1.24,0.02,2168.27
APPL,2016/10/1,26.248028,-4.4,4.09,0.02,2126.15
APPL,2016/11/1,25.549871,5.71,8.21,0.01,2198.81
APPL,2016/12/1,26.91259,0.1,3.53,0.03,2238.83
APPL,2017/1/1,28.197565,-1.19,-2.75,0.04,2278.87
APPL,2017/2/1,31.831774,-2.05,-1.67,0.04,2363.64
APPL,2017/3/1,33.526367,1.14,-3.35,0.03,2362.72
APPL,2017/4/1,33.524036,0.73,-2.13,0.05,2384.2
APPL,2017/5/1,35.650059,-2.57,-3.78,0.06,2411.8
APPL,2017/6/1,33.749119,2.25,1.48,0.06,2423.41
APPL,2017/7/1,34.852844,-1.51,-0.31,0.07,2470.3
APPL,2017/8/1,38.431152,-1.67,-2.09,0.09,2471.65
APPL,2017/9/1,36.25774,4.47,3.14,0.09,2519.36
APPL,2017/10/1,39.767761,-1.94,0.2,0.09,2575.26
APPL,2017/11/1,40.428833,-0.55,-0.03,0.08,2647.58
APPL,2017/12/1,39.955589,-1.32,0.06,0.09,2673.61
APPL,2018/1/1,39.530602,-3.13,-1.29,0.12,2823.81
APPL,2018/2/1,42.054539,0.25,-1.04,0.11,2713.83
APPL,2018/3/1,39.774746,4.06,-0.21,0.11,2640.87
APPL,2018/4/1,39.177345,1.13,0.54,0.14,2648.05
APPL,2018/5/1,44.300323,5.25,-3.2,0.14,2705.27
APPL,2018/6/1,44.052299,1.14,-2.34,0.14,2718.37
APPL,2018/7/1,45.28503,-2.22,0.47,0.16,2816.29
APPL,2018/8/1,54.171165,1.14,-3.94,0.16,2901.52
APPL,2018/9/1,53.909786,-2.27,-1.7,0.15,2913.98
APPL,2018/10/1,52.266762,-4.78,3.4,0.19,2711.74
APPL,2018/11/1,42.647339,-0.68,0.3,0.18,2760.17
APPL,2018/12/1,37.80191,-2.38,-1.84,0.2,2506.85
APPL,2019/1/1,39.886833,2.9,-0.46,0.21,2704.1
APPL,2019/2/1,41.494858,2.05,-2.67,0.18,2784.49
APPL,2019/3/1,45.716156,-3.05,-4.17,0.19,2834.4
APPL,2019/4/1,48.296192,-1.74,2.15,0.21,2945.83
APPL,2019/5/1,42.13493,-1.32,-2.37,0.21,2752.06
APPL,2019/6/1,47.817783,0.29,-0.71,0.18,2941.76
APPL,2019/7/1,51.470795,-1.93,0.48,0.19,2980.38
APPL,2019/8/1,50.431904,-2.38,-4.78,0.16,2926.46
APPL,2019/9/1,54.317085,-0.96,6.75,0.18,2976.74
APPL,2019/10/1,60.329159,0.29,-1.91,0.16,3037.56
APPL,2019/11/1,64.813316,0.77,-2.02,0.12,3140.98
APPL,2019/12/1,71.429657,0.73,1.75,0.14,3230.78
APPL,2020/1/1,75.287582,-3.11,-6.25,0.13,3225.52
APPL,2020/2/1,66.494179,1.07,-3.81,0.12,2954.22
APPL,2020/3/1,62.002239,-4.83,-13.87,0.13,2584.59
APPL,2020/4/1,71.635773,2.45,-1.33,0,2912.43
APPL,2020/5/1,77.52169,2.47,-4.88,0.01,3044.31
APPL,2020/6/1,89.18811,2.69,-2.2,0.01,3100.29
APPL,2020/7/1,103.915886,-2.33,-1.41,0.01,3271.12
APPL,2020/8/1,126.193336,-0.22,-2.97,0.01,3500.31
APPL,2020/9/1,113.459404,0.02,-2.71,0.01,3363
APPL,2020/10/1,106.650475,4.38,4.25,0.01,3269.96
APPL,2020/11/1,116.633644,5.8,2.09,0.01,3621.63
APPL,2020/12/1,130.221085,4.89,-1.51,0.01,3756.07
APPL,2021/1/1,129.504654,7.36,3.01,0.01,3714.24
APPL,2021/2/1,119.003738,2.05,7.15,0,3811.15
APPL,2021/3/1,120.056313,-2.37,7.39,0,3972.89
APPL,2021/4/1,129.206757,-3.19,-0.95,0,4181.17
APPL,2021/5/1,122.474152,-0.25,7.09,0,4204.11
APPL,2021/6/1,134.841156,1.68,-7.87,0,4297.5
APPL,2021/7/1,143.603424,-3.97,-1.78,0,4395.26
APPL,2021/8/1,149.481064,-0.42,-0.15,0,4522.68
APPL,2021/9/1,139.519592,0.71,5.08,0,4307.54
APPL,2021/10/1,147.703461,-2.35,-0.49,0,4605.38
APPL,2021/11/1,162.986511,-1.32,-0.45,0,4567
APPL,2021/12/1,175.340332,-1.67,3.26,0.01,4766.18
APPL,2022/1/1,172.585327,-5.94,12.75,0,4515.55
APPL,2022/2/1,163.046631,2.19,3.08,0,4373.94
APPL,2022/3/1,172.637161,-1.61,-1.81,0.01,4530.41
APPL,2022/4/1,155.868759,-1.39,6.17,0.01,4131.93
APPL,2022/5/1,147.15831,-1.83,8.39,0.03,4132.15
APPL,2022/6/1,135.373886,2.1,-5.97,0.06,3785.38
APPL,2022/7/1,160.909927,2.81,-4.05,0.08,4130.29
APPL,2022/8/1,155.672028,1.4,0.29,0.19,3955
APPL,2022/9/1,137.029373,-0.81,0.05,0.19,3585.62
APPL,2022/10/1,152.041122,0.06,8.01,0.23,3871.98
APPL,2022/11/1,146.776108,-3.52,1.38,0.29,4080.11
APPL,2022/12/1,129.043106,-0.69,1.37,0.33,3839.5
APPL,2023/1/1,143.305099,5.01,-4.01,0.35,4076.6
APPL,2023/2/1,146.403824,1.17,-0.81,0.34,3970.15
APPL,2023/3/1,164.02449,-5.51,-8.85,0.36,4109.31
APPL,2023/4/1,168.779099,-3.35,-0.04,0.35,4169.48
APPL,2023/5/1,176.308929,1.61,-7.72,0.36,4179.83
APPL,2023/6/1,193.207031,1.54,-0.26,0.4,4450.38
APPL,2023/7/1,195.677261,2.08,4.11,0.45,4588.96
APPL,2023/8/1,187.130997,-3.16,-1.06,0.45,4507.66
APPL,2023/9/1,170.766846,-2.51,1.52,0.43,4288.05
APPL,2023/10/1,170.327972,-3.87,0.19,0.47,4193.8
APPL,2023/11/1,189.458313,-0.02,1.64,0.44,4567.8
APPL,2023/12/1,192.284637,6.35,4.94,0.43,4769.83
AMD,2000/1/1,18,5.77,-1.88,0.41,1394.46
AMD,2000/2/1,19.75,21.36,-9.59,0.43,1366.42
AMD,2000/3/1,29.5,-17.2,8.13,0.47,1498.58
AMD,2000/4/1,43.75,-6.68,7.26,0.46,1452.43
AMD,2000/5/1,40.875,-6.05,4.75,0.5,1420.6
AMD,2000/6/1,38.625,12.84,-8.42,0.4,1454.6
AMD,2000/7/1,36,-3.07,8.31,0.48,1430.83
AMD,2000/8/1,37.5,-0.61,-1.39,0.5,1517.68
AMD,2000/9/1,24,-1.82,7.17,0.51,1436.51
AMD,2000/10/1,22.625,-3.88,5.71,0.56,1429.4
AMD,2000/11/1,15.25,-3.41,12.3,0.51,1314.95
AMD,2000/12/1,13.8125,0.73,7.61,0.5,1320.28
AMD,2001/1/1,24.6,6.68,-5.07,0.54,1366.01
AMD,2001/2/1,21.5,-0.78,12.47,0.38,1239.94
AMD,2001/3/1,26.540001,0.25,6.42,0.42,1160.33
AMD,2001/4/1,31,0.55,-4.67,0.39,1249.46
AMD,2001/5/1,28.25,2.5,3.36,0.32,1255.82
AMD,2001/6/1,28.9,6.24,-1.12,0.28,1224.38
AMD,2001/7/1,18.26,-4.19,5.21,0.3,1211.23
AMD,2001/8/1,13.55,2.48,2.31,0.31,1133.58
AMD,2001/9/1,8.15,-6.23,1.45,0.28,1040.94
AMD,2001/10/1,9.84,7.48,-7.65,0.22,1059.78
AMD,2001/11/1,13.56,-0.47,2.21,0.17,1139.45
AMD,2001/12/1,15.86,4.74,0.84,0.15,1148.08
AMD,2002/1/1,16.049999,1.19,3.44,0.14,1130.2
AMD,2002/2/1,13.5,-1.01,2.16,0.13,1106.73
AMD,2002/3/1,14.71,4.21,1.06,0.13,1147.39
AMD,2002/4/1,11.18,5.96,3.88,0.15,1076.92
AMD,2002/5/1,11.43,-3.21,1.53,0.14,1067.14
AMD,2002/6/1,9.72,4.29,-0.05,0.13,989.82
AMD,2002/7/1,8.03,-5.28,-3.85,0.15,911.62
AMD,2002/8/1,8.85,-2.86,3.28,0.14,916.07
AMD,2002/9/1,5.34,2.4,1.47,0.14,815.28
AMD,2002/10/1,6.14,-3.41,-3.95,0.14,885.76
AMD,2002/11/1,9,3.18,-1.23,0.12,936.31
AMD,2002/12/1,6.46,0.09,2.14,0.11,879.82
AMD,2003/1/1,5.24,1.33,-0.83,0.1,855.7
AMD,2003/2/1,5.49,-0.45,-1.39,0.09,841.15
AMD,2003/3/1,6.18,1.02,-1.93,0.1,848.18
AMD,2003/4/1,7.44,0.63,1.14,0.1,916.92
AMD,2003/5/1,7.28,4.67,0.4,0.09,963.59
AMD,2003/6/1,6.41,1.74,0.11,0.1,974.5
AMD,2003/7/1,7.3,5.06,-1.24,0.07,990.31
AMD,2003/8/1,11.29,2.59,1.53,0.07,1008.01
AMD,2003/9/1,11.11,0.8,0.16,0.08,995.97
AMD,2003/10/1,15.2,2.7,1.97,0.07,1050.71
AMD,2003/11/1,17.969999,2.08,1.78,0.07,1058.2
AMD,2003/12/1,14.9,-2.68,1.6,0.08,1111.92
AMD,2004/1/1,14.86,2.55,2.49,0.07,1131.13
AMD,2004/2/1,15,-1.58,0.9,0.06,1144.94
AMD,2004/3/1,16.23,1.72,0.27,0.09,1126.21
AMD,2004/4/1,14.22,-1.68,-3.1,0.08,1107.3
AMD,2004/5/1,15.55,-0.2,-0.25,0.06,1120.68
AMD,2004/6/1,15.9,2.26,1.18,0.08,1140.84
AMD,2004/7/1,12.49,-3.81,3.24,0.1,1101.72
AMD,2004/8/1,11.43,-1.48,0.97,0.11,1104.24
AMD,2004/9/1,13,3.01,0,0.11,1114.58
AMD,2004/10/1,16.82,0.15,-0.22,0.11,1130.2
AMD,2004/11/1,21.280001,3.74,1.41,0.15,1173.82
AMD,2004/12/1,22.02,-0.03,-0.22,0.16,1211.92
AMD,2005/1/1,15.8,-1.72,2.06,0.16,1181.27
AMD,2005/2/1,17.450001,-0.57,1.54,0.16,1203.6
AMD,2005/3/1,16.120001,-1.4,2.04,0.21,1180.59
AMD,2005/4/1,14.23,-3.94,0.07,0.21,1156.85
AMD,2005/5/1,16.4,2.89,-0.64,0.24,1191.5
AMD,2005/6/1,17.34,2.58,2.83,0.23,1191.33
AMD,2005/7/1,20.08,2.91,-0.79,0.24,1234.18
AMD,2005/8/1,20.77,-0.97,1.32,0.3,1220.33
AMD,2005/9/1,25.200001,-0.65,0.71,0.29,1228.81
AMD,2005/10/1,23.219999,-1.25,0.42,0.27,1207.01
AMD,2005/11/1,26.18,0.99,-1.16,0.31,1249.48
AMD,2005/12/1,30.6,-0.42,0.2,0.32,1248.29
AMD,2006/1/1,41.799999,5.39,1.08,0.35,1280.08
AMD,2006/2/1,38.669998,-0.38,-0.34,0.34,1280.66
AMD,2006/3/1,33.16,3.44,0.6,0.37,1294.87
AMD,2006/4/1,32.349998,-1.42,2.34,0.36,1310.61
AMD,2006/5/1,30.889999,-2.96,2.41,0.43,1270.09
AMD,2006/6/1,24.42,-0.39,0.85,0.4,1270.2
AMD,2006/7/1,19.389999,-3.98,2.6,0.4,1276.66
AMD,2006/8/1,24.99,1.03,-2.06,0.42,1303.82
AMD,2006/9/1,24.85,-1.36,0.08,0.41,1335.85
AMD,2006/10/1,21.27,1.75,-0.31,0.41,1377.94
AMD,2006/11/1,21.57,0.7,0.14,0.42,1400.63
AMD,2006/12/1,20.35,-1.14,2.73,0.4,1418.3
AMD,2007/1/1,15.55,0.13,-0.68,0.44,1438.24
AMD,2007/2/1,15.07,1.19,-0.14,0.38,1406.82
AMD,2007/3/1,13.06,0.16,-0.97,0.43,1420.86
AMD,2007/4/1,13.82,-2.16,-1.45,0.44,1482.37
AMD,2007/5/1,14.27,0.24,-0.65,0.41,1530.62
AMD,2007/6/1,14.3,0.74,-1.05,0.4,1503.35
AMD,2007/7/1,13.54,-2.61,-3.71,0.4,1455.27
AMD,2007/8/1,13,-0.12,-1.86,0.42,1473.99
AMD,2007/9/1,13.2,-2.23,-2.21,0.32,1526.75
AMD,2007/10/1,13.08,0.08,-2.98,0.32,1549.38
AMD,2007/11/1,9.76,-2.93,-0.94,0.34,1481.14
AMD,2007/12/1,7.5,0.13,-0.55,0.27,1468.36
AMD,2008/1/1,7.59,-1.03,3.97,0.21,1378.55
AMD,2008/2/1,7.21,-0.43,-0.84,0.13,1330.63
AMD,2008/3/1,5.89,0.71,0.3,0.17,1322.7
AMD,2008/4/1,5.96,-1.72,-0.94,0.18,1385.59
AMD,2008/5/1,6.88,2.96,-1.43,0.18,1400.38
AMD,2008/6/1,5.83,1.23,-2.71,0.17,1280
AMD,2008/7/1,4.21,2.61,5.42,0.15,1267.38
AMD,2008/8/1,6.29,3.6,1.59,0.13,1282.83
AMD,2008/9/1,5.25,-1.23,5.91,0.15,1166.36
AMD,2008/10/1,3.5,-2.6,-2.3,0.08,968.75
AMD,2008/11/1,2.36,-2.85,-6.31,0.03,896.24
AMD,2008/12/1,2.16,3.46,0.14,0,903.25
AMD,2009/1/1,2.19,0.07,-11.29,0,825.88
AMD,2009/2/1,2.18,0.05,-6.95,0.01,735.09
AMD,2009/3/1,3.05,0.03,3.47,0.02,797.87
AMD,2009/4/1,3.61,5.4,5.36,0.01,872.81
AMD,2009/5/1,4.54,-2.52,0.28,0,919.14
AMD,2009/6/1,3.87,2.63,-2.73,0.01,919.32
AMD,2009/7/1,3.66,1.87,4.83,0.01,987.48
AMD,2009/8/1,4.36,-1.08,7.63,0.01,1020.62
AMD,2009/9/1,5.66,2.43,1.05,0.01,1057.08
AMD,2009/10/1,4.6,-4.35,-4.21,0,1036.19
AMD,2009/11/1,7.01,-2.4,-0.34,0,1095.63
AMD,2009/12/1,9.68,6.05,-0.17,0.01,1115.1
AMD,2010/1/1,7.46,0.4,0.43,0,1073.87
AMD,2010/2/1,7.91,1.19,3.23,0,1104.49
AMD,2010/3/1,9.27,1.48,2.21,0.01,1169.43
AMD,2010/4/1,9.07,4.87,2.89,0.01,1186.69
AMD,2010/5/1,8.57,0.09,-2.44,0.01,1089.41
AMD,2010/6/1,7.32,-1.82,-4.7,0.01,1030.71
AMD,2010/7/1,7.49,0.2,-0.31,0.01,1101.6
AMD,2010/8/1,5.61,-3,-1.9,0.01,1049.33
AMD,2010/9/1,7.11,3.96,-3.16,0.01,1141.2
AMD,2010/10/1,7.34,1.14,-2.43,0.01,1183.26
AMD,2010/11/1,7.29,3.77,-0.96,0.01,1180.55
AMD,2010/12/1,8.18,0.73,3.7,0.01,1257.64
AMD,2011/1/1,7.83,-2.5,0.83,0.01,1286.12
AMD,2011/2/1,9.21,1.53,1.27,0.01,1327.22
AMD,2011/3/1,8.6,2.54,-1.83,0.01,1325.83
AMD,2011/4/1,9.1,-0.38,-2.43,0,1363.61
AMD,2011/5/1,8.68,-0.59,-2.12,0,1345.2
AMD,2011/6/1,6.99,-0.12,-0.42,0,1320.64
AMD,2011/7/1,7.34,-1.26,-0.9,0,1292.28
AMD,2011/8/1,6.83,-3.05,-2.36,0.01,1218.89
AMD,2011/9/1,5.08,-3.31,-1.72,0,1131.42
AMD,2011/10/1,5.83,3.28,0.1,0,1253.3
AMD,2011/11/1,5.69,-0.16,-0.46,0,1246.96
AMD,2011/12/1,5.4,-0.59,1.63,0,1257.6
AMD,2012/1/1,6.71,2.04,-0.97,0,1312.41
AMD,2012/2/1,7.35,-1.85,0.43,0,1365.68
AMD,2012/3/1,8.02,-0.64,1.14,0,1408.47
AMD,2012/4/1,7.36,-0.42,-0.78,0,1397.91
AMD,2012/5/1,6.08,0.07,-1.07,0.01,1310.33
AMD,2012/6/1,5.73,0.67,0.62,0,1362.16
AMD,2012/7/1,4.06,-2.74,-0.02,0,1379.32
AMD,2012/8/1,3.72,0.47,1.3,0.01,1406.58
AMD,2012/9/1,3.37,0.5,1.6,0.01,1440.67
AMD,2012/10/1,2.05,-1.15,3.59,0.01,1412.16
AMD,2012/11/1,2.2,0.63,-0.84,0.01,1416.18
AMD,2012/12/1,2.4,1.48,3.51,0.01,1426.19
AMD,2013/1/1,2.6,0.33,0.96,0,1498.11
AMD,2013/2/1,2.49,-0.27,0.11,0,1514.68
AMD,2013/3/1,2.55,0.81,-0.19,0,1569.19
AMD,2013/4/1,2.82,-2.37,0.45,0,1597.57
AMD,2013/5/1,4,1.7,2.63,0,1630.74
AMD,2013/6/1,4.08,1.33,0.03,0,1606.28
AMD,2013/7/1,3.77,1.87,0.57,0,1685.73
AMD,2013/8/1,3.27,0.27,-2.69,0,1632.97
AMD,2013/9/1,3.81,2.88,-1.22,0,1681.55
AMD,2013/10/1,3.34,-1.53,1.25,0,1756.54
AMD,2013/11/1,3.64,1.29,0.32,0,1805.81
AMD,2013/12/1,3.87,-0.46,-0.02,0,1848.36
AMD,2014/1/1,3.43,0.89,-2.07,0,1782.59
AMD,2014/2/1,3.71,0.35,-0.31,0,1859.45
AMD,2014/3/1,4.01,-1.81,4.93,0,1872.34
AMD,2014/4/1,4.09,-4.19,1.17,0,1883.95
AMD,2014/5/1,4,-1.88,-0.13,0,1923.57
AMD,2014/6/1,4.19,3.09,-0.7,0,1960.23
AMD,2014/7/1,3.91,-4.29,0.03,0,1930.67
AMD,2014/8/1,4.17,0.4,-0.45,0,2003.37
AMD,2014/9/1,3.41,-3.71,-1.34,0,1972.29
AMD,2014/10/1,2.8,4.21,-1.81,0,2018.05
AMD,2014/11/1,2.79,-2.06,-3.09,0,2067.56
AMD,2014/12/1,2.67,2.49,2.27,0,2058.9
AMD,2015/1/1,2.57,-0.56,-3.58,0,1994.99
AMD,2015/2/1,3.11,0.63,-1.86,0,2104.5
AMD,2015/3/1,2.68,3.04,-0.37,0,2067.89
AMD,2015/4/1,2.26,-3.06,1.82,0,2085.51
AMD,2015/5/1,2.28,0.93,-1.14,0,2107.39
AMD,2015/6/1,2.4,2.91,-0.79,0,2063.11
AMD,2015/7/1,1.93,-4.17,-4.13,0,2103.84
AMD,2015/8/1,1.81,0.33,2.77,0,1972.18
AMD,2015/9/1,1.72,-2.62,0.56,0,1920.03
AMD,2015/10/1,2.12,-1.88,-0.46,0,2079.36
AMD,2015/11/1,2.36,3.6,-0.42,0,2080.41
AMD,2015/12/1,2.87,-2.84,-2.61,0.01,2043.94
AMD,2016/1/1,2.2,-3.42,2.09,0.01,1940.24
AMD,2016/2/1,2.14,0.73,-0.57,0.02,1932.23
AMD,2016/3/1,2.85,0.82,1.19,0.02,2059.74
AMD,2016/4/1,3.55,0.76,3.28,0.01,2065.3
AMD,2016/5/1,4.57,-0.17,-1.66,0.01,2096.95
AMD,2016/6/1,5.14,0.61,-1.48,0.02,2098.86
AMD,2016/7/1,6.86,2.49,-1.32,0.02,2173.6
AMD,2016/8/1,7.4,1.15,3.18,0.02,2170.95
AMD,2016/9/1,6.91,2.12,-1.24,0.02,2168.27
AMD,2016/10/1,7.23,-4.4,4.09,0.02,2126.15
AMD,2016/11/1,8.91,5.71,8.21,0.01,2198.81
AMD,2016/12/1,11.34,0.1,3.53,0.03,2238.83
AMD,2017/1/1,10.37,-1.19,-2.75,0.04,2278.87
AMD,2017/2/1,14.46,-2.05,-1.67,0.04,2363.64
AMD,2017/3/1,14.55,1.14,-3.35,0.03,2362.72
AMD,2017/4/1,13.3,0.73,-2.13,0.05,2384.2
AMD,2017/5/1,11.19,-2.57,-3.78,0.06,2411.8
AMD,2017/6/1,12.48,2.25,1.48,0.06,2423.41
AMD,2017/7/1,13.61,-1.51,-0.31,0.07,2470.3
AMD,2017/8/1,13,-1.67,-2.09,0.09,2471.65
AMD,2017/9/1,12.75,4.47,3.14,0.09,2519.36
AMD,2017/10/1,10.99,-1.94,0.2,0.09,2575.26
AMD,2017/11/1,10.89,-0.55,-0.03,0.08,2647.58
AMD,2017/12/1,10.28,-1.32,0.06,0.09,2673.61
AMD,2018/1/1,13.74,-3.13,-1.29,0.12,2823.81
AMD,2018/2/1,12.11,0.25,-1.04,0.11,2713.83
AMD,2018/3/1,10.05,4.06,-0.21,0.11,2640.87
AMD,2018/4/1,10.88,1.13,0.54,0.14,2648.05
AMD,2018/5/1,13.73,5.25,-3.2,0.14,2705.27
AMD,2018/6/1,14.99,1.14,-2.34,0.14,2718.37
AMD,2018/7/1,18.33,-2.22,0.47,0.16,2816.29
AMD,2018/8/1,25.17,1.14,-3.94,0.16,2901.52
AMD,2018/9/1,30.889999,-2.27,-1.7,0.15,2913.98
AMD,2018/10/1,18.209999,-4.78,3.4,0.19,2711.74
AMD,2018/11/1,21.299999,-0.68,0.3,0.18,2760.17
AMD,2018/12/1,18.459999,-2.38,-1.84,0.2,2506.85
AMD,2019/1/1,24.41,2.9,-0.46,0.21,2704.1
AMD,2019/2/1,23.530001,2.05,-2.67,0.18,2784.49
AMD,2019/3/1,25.52,-3.05,-4.17,0.19,2834.4
AMD,2019/4/1,27.629999,-1.74,2.15,0.21,2945.83
AMD,2019/5/1,27.41,-1.32,-2.37,0.21,2752.06
AMD,2019/6/1,30.370001,0.29,-0.71,0.18,2941.76
AMD,2019/7/1,30.450001,-1.93,0.48,0.19,2980.38
AMD,2019/8/1,31.450001,-2.38,-4.78,0.16,2926.46
AMD,2019/9/1,28.99,-0.96,6.75,0.18,2976.74
AMD,2019/10/1,33.93,0.29,-1.91,0.16,3037.56
AMD,2019/11/1,39.150002,0.77,-2.02,0.12,3140.98
AMD,2019/12/1,45.860001,0.73,1.75,0.14,3230.78
AMD,2020/1/1,47,-3.11,-6.25,0.13,3225.52
AMD,2020/2/1,45.48,1.07,-3.81,0.12,2954.22
AMD,2020/3/1,45.48,-4.83,-13.87,0.13,2584.59
AMD,2020/4/1,52.389999,2.45,-1.33,0,2912.43
AMD,2020/5/1,53.799999,2.47,-4.88,0.01,3044.31
AMD,2020/6/1,52.610001,2.69,-2.2,0.01,3100.29
AMD,2020/7/1,77.43,-2.33,-1.41,0.01,3271.12
AMD,2020/8/1,90.82,-0.22,-2.97,0.01,3500.31
AMD,2020/9/1,81.989998,0.02,-2.71,0.01,3363
AMD,2020/10/1,75.290001,4.38,4.25,0.01,3269.96
AMD,2020/11/1,92.660004,5.8,2.09,0.01,3621.63
AMD,2020/12/1,91.709999,4.89,-1.51,0.01,3756.07
AMD,2021/1/1,85.639999,7.36,3.01,0.01,3714.24
AMD,2021/2/1,84.510002,2.05,7.15,0,3811.15
AMD,2021/3/1,78.5,-2.37,7.39,0,3972.89
AMD,2021/4/1,81.620003,-3.19,-0.95,0,4181.17
AMD,2021/5/1,80.080002,-0.25,7.09,0,4204.11
AMD,2021/6/1,93.93,1.68,-7.87,0,4297.5
AMD,2021/7/1,106.190002,-3.97,-1.78,0,4395.26
AMD,2021/8/1,110.720001,-0.42,-0.15,0,4522.68
AMD,2021/9/1,102.900002,0.71,5.08,0,4307.54
AMD,2021/10/1,120.230003,-2.35,-0.49,0,4605.38
AMD,2021/11/1,158.369995,-1.32,-0.45,0,4567
AMD,2021/12/1,143.899994,-1.67,3.26,0.01,4766.18
AMD,2022/1/1,114.25,-5.94,12.75,0,4515.55
AMD,2022/2/1,123.339996,2.19,3.08,0,4373.94
AMD,2022/3/1,109.339996,-1.61,-1.81,0.01,4530.41
AMD,2022/4/1,85.519997,-1.39,6.17,0.01,4131.93
AMD,2022/5/1,101.860001,-1.83,8.39,0.03,4132.15
AMD,2022/6/1,76.470001,2.1,-5.97,0.06,3785.38
AMD,2022/7/1,94.470001,2.81,-4.05,0.08,4130.29
AMD,2022/8/1,84.870003,1.4,0.29,0.19,3955
AMD,2022/9/1,63.360001,-0.81,0.05,0.19,3585.62
AMD,2022/10/1,60.060001,0.06,8.01,0.23,3871.98
AMD,2022/11/1,77.629997,-3.52,1.38,0.29,4080.11
AMD,2022/12/1,64.769997,-0.69,1.37,0.33,3839.5
AMD,2023/1/1,75.150002,5.01,-4.01,0.35,4076.6
AMD,2023/2/1,78.580002,1.17,-0.81,0.34,3970.15
AMD,2023/3/1,98.010002,-5.51,-8.85,0.36,4109.31
AMD,2023/4/1,89.370003,-3.35,-0.04,0.35,4169.48
AMD,2023/5/1,118.209999,1.61,-7.72,0.36,4179.83
AMD,2023/6/1,113.910004,1.54,-0.26,0.4,4450.38
AMD,2023/7/1,114.400002,2.08,4.11,0.45,4588.96
AMD,2023/8/1,105.720001,-3.16,-1.06,0.45,4507.66
AMD,2023/9/1,102.82,-2.51,1.52,0.43,4288.05
AMD,2023/10/1,98.5,-3.87,0.19,0.47,4193.8
AMD,2023/11/1,121.160004,-0.02,1.64,0.44,4567.8
AMD,2023/12/1,147.410004,6.35,4.94,0.43,4769.83
MSFT,2000/1/1,30.283472,5.77,-1.88,0.41,1394.46
MSFT,2000/2/1,27.653502,21.36,-9.59,0.43,1366.42
MSFT,2000/3/1,32.874783,-17.2,8.13,0.47,1498.58
MSFT,2000/4/1,21.581322,-6.68,7.26,0.46,1452.43
MSFT,2000/5/1,19.357447,-6.05,4.75,0.5,1420.6
MSFT,2000/6/1,24.752773,12.84,-8.42,0.4,1454.6
MSFT,2000/7/1,21.600664,-3.07,8.31,0.48,1430.83
MSFT,2000/8/1,21.600664,-0.61,-1.39,0.5,1517.68
MSFT,2000/9/1,18.66127,-1.82,7.17,0.51,1436.51
MSFT,2000/10/1,21.310591,-3.88,5.71,0.56,1429.4
MSFT,2000/11/1,17.752384,-3.41,12.3,0.51,1314.95
MSFT,2000/12/1,13.420643,0.73,7.61,0.5,1320.28
MSFT,2001/1/1,18.89333,6.68,-5.07,0.54,1366.01
MSFT,2001/2/1,18.255178,-0.78,12.47,0.38,1239.94
MSFT,2001/3/1,16.920843,0.25,6.42,0.42,1160.33
MSFT,2001/4/1,20.962515,0.55,-4.67,0.39,1249.46
MSFT,2001/5/1,21.404966,2.5,3.36,0.32,1255.82
MSFT,2001/6/1,22.586922,6.24,-1.12,0.28,1224.38
MSFT,2001/7/1,20.479826,-4.19,5.21,0.3,1211.23
MSFT,2001/8/1,17.651827,2.48,2.31,0.31,1133.58
MSFT,2001/9/1,15.832489,-6.23,1.45,0.28,1040.94
MSFT,2001/10/1,17.992178,7.48,-7.65,0.22,1059.78
MSFT,2001/11/1,19.867203,-0.47,2.21,0.17,1139.45
MSFT,2001/12/1,20.498398,4.74,0.84,0.15,1148.08
MSFT,2002/1/1,19.712494,1.19,3.44,0.14,1130.2
MSFT,2002/2/1,18.050964,-1.01,2.16,0.13,1106.73
MSFT,2002/3/1,18.660501,4.21,1.06,0.13,1147.39
MSFT,2002/4/1,16.16975,5.96,3.88,0.15,1076.92
MSFT,2002/5/1,15.752048,-3.21,1.53,0.14,1067.14
MSFT,2002/6/1,16.924709,4.29,-0.05,0.13,989.82
MSFT,2002/7/1,14.845476,-5.28,-3.85,0.15,911.62
MSFT,2002/8/1,15.185825,-2.86,3.28,0.14,916.07
MSFT,2002/9/1,13.533587,2.4,1.47,0.14,815.28
MSFT,2002/10/1,16.544138,-3.41,-3.95,0.14,885.76
MSFT,2002/11/1,17.846752,3.18,-1.23,0.12,936.31
MSFT,2002/12/1,15.996479,0.09,2.14,0.11,879.82
MSFT,2003/1/1,14.684587,1.33,-0.83,0.1,855.7
MSFT,2003/2/1,14.66602,-0.45,-1.39,0.09,841.15
MSFT,2003/3/1,15.029797,1.02,-1.93,0.1,848.18
MSFT,2003/4/1,15.874095,0.63,1.14,0.1,916.92
MSFT,2003/5/1,15.278115,4.67,0.4,0.09,963.59
MSFT,2003/6/1,15.917542,1.74,0.11,0.1,974.5
MSFT,2003/7/1,16.395573,5.06,-1.24,0.07,990.31
MSFT,2003/8/1,16.463858,2.59,1.53,0.07,1008.01
MSFT,2003/9/1,17.258495,0.8,0.16,0.08,995.97
MSFT,2003/10/1,16.227957,2.7,1.97,0.07,1050.71
MSFT,2003/11/1,16.050549,2.08,1.78,0.07,1058.2
MSFT,2003/12/1,17.086876,-2.68,1.6,0.08,1111.92
MSFT,2004/1/1,17.261675,2.55,2.49,0.07,1131.13
MSFT,2004/2/1,16.562468,-1.58,0.9,0.06,1144.94
MSFT,2004/3/1,15.563596,1.72,0.27,0.09,1126.21
MSFT,2004/4/1,16.312748,-1.68,-3.1,0.08,1107.3
MSFT,2004/5/1,16.375174,-0.2,-0.25,0.06,1120.68
MSFT,2004/6/1,17.829784,2.26,1.18,0.08,1140.84
MSFT,2004/7/1,17.786079,-3.81,3.24,0.1,1101.72
MSFT,2004/8/1,17.043171,-1.48,0.97,0.11,1104.24
MSFT,2004/9/1,17.312597,3.01,0,0.11,1114.58
MSFT,2004/10/1,17.512962,0.15,-0.22,0.11,1130.2
MSFT,2004/11/1,16.78664,3.74,1.41,0.15,1173.82
MSFT,2004/12/1,18.646582,-0.03,-0.22,0.16,1211.92
MSFT,2005/1/1,18.339531,-1.72,2.06,0.16,1181.27
MSFT,2005/2/1,17.557934,-0.57,1.54,0.16,1203.6
MSFT,2005/3/1,16.919104,-1.4,2.04,0.21,1180.59
MSFT,2005/4/1,17.710115,-3.94,0.07,0.21,1156.85
MSFT,2005/5/1,18.060112,2.89,-0.64,0.24,1191.5
MSFT,2005/6/1,17.443262,2.58,2.83,0.23,1191.33
MSFT,2005/7/1,17.98398,2.91,-0.79,0.24,1234.18
MSFT,2005/8/1,19.226927,-0.97,1.32,0.3,1220.33
MSFT,2005/9/1,18.121841,-0.65,0.71,0.29,1228.81
MSFT,2005/10/1,18.10071,-1.25,0.42,0.27,1207.01
MSFT,2005/11/1,19.495235,0.99,-1.16,0.31,1249.48
MSFT,2005/12/1,18.471642,-0.42,0.2,0.32,1248.29
MSFT,2006/1/1,19.884386,5.39,1.08,0.35,1280.08
MSFT,2006/2/1,18.980236,-0.38,-0.34,0.34,1280.66
MSFT,2006/3/1,19.285526,3.44,0.6,0.37,1294.87
MSFT,2006/4/1,17.116699,-1.42,2.34,0.36,1310.61
MSFT,2006/5/1,16.053556,-2.96,2.41,0.43,1270.09
MSFT,2006/6/1,16.578644,-0.39,0.85,0.4,1270.2
MSFT,2006/7/1,17.119406,-3.98,2.6,0.4,1276.66
MSFT,2006/8/1,18.286318,1.03,-2.06,0.42,1303.82
MSFT,2006/9/1,19.532001,-1.36,0.08,0.41,1335.85
MSFT,2006/10/1,20.503246,1.75,-0.31,0.41,1377.94
MSFT,2006/11/1,20.967449,0.7,0.14,0.42,1400.63
MSFT,2006/12/1,21.397429,-1.14,2.73,0.4,1418.3
MSFT,2007/1/1,22.114019,0.13,-0.68,0.44,1438.24
MSFT,2007/2/1,20.18639,1.19,-0.14,0.38,1406.82
MSFT,2007/3/1,20.040659,0.16,-0.97,0.43,1420.86
MSFT,2007/4/1,21.529148,-2.16,-1.45,0.44,1482.37
MSFT,2007/5/1,22.068453,0.24,-0.65,0.41,1530.62
MSFT,2007/6/1,21.259821,0.74,-1.05,0.4,1503.35
MSFT,2007/7/1,20.913551,-2.61,-3.71,0.4,1455.27
MSFT,2007/8/1,20.725981,-0.12,-1.86,0.42,1473.99
MSFT,2007/9/1,21.327105,-2.23,-2.21,0.32,1526.75
MSFT,2007/10/1,26.648026,0.08,-2.98,0.32,1549.38
MSFT,2007/11/1,24.324192,-2.93,-0.94,0.34,1481.14
MSFT,2007/12/1,25.857262,0.13,-0.55,0.27,1468.36
MSFT,2008/1/1,23.678284,-1.03,3.97,0.21,1378.55
MSFT,2008/2/1,19.756115,-0.43,-0.84,0.13,1330.63
MSFT,2008/3/1,20.693275,0.71,0.3,0.17,1322.7
MSFT,2008/4/1,20.795355,-1.72,-0.94,0.18,1385.59
MSFT,2008/5/1,20.649527,2.96,-1.43,0.18,1400.38
MSFT,2008/6/1,20.132759,1.23,-2.71,0.17,1280
MSFT,2008/7/1,18.822773,2.61,5.42,0.15,1267.38
MSFT,2008/8/1,19.971756,3.6,1.59,0.13,1282.83
MSFT,2008/9/1,19.610561,-1.23,5.91,0.15,1166.36
MSFT,2008/10/1,16.40704,-2.6,-2.3,0.08,968.75
MSFT,2008/11/1,14.856705,-2.85,-6.31,0.03,896.24
MSFT,2008/12/1,14.380356,3.46,0.14,0,903.25
MSFT,2009/1/1,12.649392,0.07,-11.29,0,825.88
MSFT,2009/2/1,11.946648,0.05,-6.95,0.01,735.09
MSFT,2009/3/1,13.682019,0.03,3.47,0.02,797.87
MSFT,2009/4/1,15.089695,5.4,5.36,0.01,872.81
MSFT,2009/5/1,15.558922,-2.52,0.28,0,919.14
MSFT,2009/6/1,17.816391,2.63,-2.73,0.01,919.32
MSFT,2009/7/1,17.629005,1.87,4.83,0.01,987.48
MSFT,2009/8/1,18.475977,-1.08,7.63,0.01,1020.62
MSFT,2009/9/1,19.386372,2.43,1.05,0.01,1057.08
MSFT,2009/10/1,20.901403,-4.35,-4.21,0,1036.19
MSFT,2009/11/1,22.167707,-2.4,-0.34,0,1095.63
MSFT,2009/12/1,23.075764,6.05,-0.17,0.01,1115.1
MSFT,2010/1/1,21.334482,0.4,0.43,0,1073.87
MSFT,2010/2/1,21.70545,1.19,3.23,0,1104.49
MSFT,2010/3/1,22.278538,1.48,2.21,0.01,1169.43
MSFT,2010/4/1,23.229307,4.87,2.89,0.01,1186.69
MSFT,2010/5/1,19.623968,0.09,-2.44,0.01,1089.41
MSFT,2010/6/1,17.580814,-1.82,-4.7,0.01,1030.71
MSFT,2010/7/1,19.720163,0.2,-0.31,0.01,1101.6
MSFT,2010/8/1,17.932283,-3,-1.9,0.01,1049.33
MSFT,2010/9/1,18.81143,3.96,-3.16,0.01,1141.2
MSFT,2010/10/1,20.485945,1.14,-2.43,0.01,1183.26
MSFT,2010/11/1,19.402885,3.77,-0.96,0.01,1180.55
MSFT,2010/12/1,21.570148,0.73,3.7,0.01,1257.64
MSFT,2011/1/1,21.431036,-2.5,0.83,0.01,1286.12
MSFT,2011/2/1,20.542261,1.53,1.27,0.01,1327.22
MSFT,2011/3/1,19.73856,2.54,-1.83,0.01,1325.83
MSFT,2011/4/1,20.150587,-0.38,-2.43,0,1363.61
MSFT,2011/5/1,19.443148,-0.59,-2.12,0,1345.2
MSFT,2011/6/1,20.345272,-0.12,-0.42,0,1320.64
MSFT,2011/7/1,21.440781,-1.26,-0.9,0,1292.28
MSFT,2011/8/1,20.814774,-3.05,-2.36,0.01,1218.89
MSFT,2011/9/1,19.599611,-3.31,-1.72,0,1131.42
MSFT,2011/10/1,20.96978,3.28,0.1,0,1253.3
MSFT,2011/11/1,20.142954,-0.16,-0.46,0,1246.96
MSFT,2011/12/1,20.596115,-0.59,1.63,0,1257.6
MSFT,2012/1/1,23.428478,2.04,-0.97,0,1312.41
MSFT,2012/2/1,25.181845,-1.85,0.43,0,1365.68
MSFT,2012/3/1,25.762901,-0.64,1.14,0,1408.47
MSFT,2012/4/1,25.571232,-0.42,-0.78,0,1397.91
MSFT,2012/5/1,23.311193,0.07,-1.07,0.01,1310.33
MSFT,2012/6/1,24.589525,0.67,0.62,0,1362.16
MSFT,2012/7/1,23.689232,-2.74,-0.02,0,1379.32
MSFT,2012/8/1,24.774416,0.47,1.3,0.01,1406.58
MSFT,2012/9/1,24.080822,0.5,1.6,0.01,1440.67
MSFT,2012/10/1,23.093636,-1.15,3.59,0.01,1412.16
MSFT,2012/11/1,21.540033,0.63,-0.84,0.01,1416.18
MSFT,2012/12/1,21.790461,1.48,3.51,0.01,1426.19
MSFT,2013/1/1,22.394161,0.33,0.96,0,1498.11
MSFT,2013/2/1,22.679699,-0.27,0.11,0,1514.68
MSFT,2013/3/1,23.533751,0.81,-0.19,0,1569.19
MSFT,2013/4/1,27.227087,-2.37,0.45,0,1597.57
MSFT,2013/5/1,28.707718,1.7,2.63,0,1630.74
MSFT,2013/6/1,28.610821,1.33,0.03,0,1606.28
MSFT,2013/7/1,26.374311,1.87,0.57,0,1685.73
MSFT,2013/8/1,27.666527,0.27,-2.69,0,1632.97
MSFT,2013/9/1,27.76137,2.88,-1.22,0,1681.55
MSFT,2013/10/1,29.538172,-1.53,1.25,0,1756.54
MSFT,2013/11/1,31.807125,1.29,0.32,0,1805.81
MSFT,2013/12/1,31.443193,-0.46,-0.02,0,1848.36
MSFT,2014/1/1,31.804605,0.89,-2.07,0,1782.59
MSFT,2014/2/1,32.199646,0.35,-0.31,0,1859.45
MSFT,2014/3/1,34.710533,-1.81,4.93,0,1872.34
MSFT,2014/4/1,34.210903,-4.19,1.17,0,1883.95
MSFT,2014/5/1,34.66819,-1.88,-0.13,0,1923.57
MSFT,2014/6/1,35.560883,3.09,-0.7,0,1960.23
MSFT,2014/7/1,36.805923,-4.29,0.03,0,1930.67
MSFT,2014/8/1,38.741737,0.4,-0.45,0,2003.37
MSFT,2014/9/1,39.781761,-3.71,-1.34,0,1972.29
MSFT,2014/10/1,40.288033,4.21,-1.81,0,2018.05
MSFT,2014/11/1,41.026001,-2.06,-3.09,0,2067.56
MSFT,2014/12/1,40.110374,2.49,2.27,0,2058.9
MSFT,2015/1/1,34.886097,-0.56,-3.58,0,1994.99
MSFT,2015/2/1,37.865231,0.63,-1.86,0,2104.5
MSFT,2015/3/1,35.360489,3.04,-0.37,0,2067.89
MSFT,2015/4/1,42.300385,-3.06,1.82,0,2085.51
MSFT,2015/5/1,40.752396,0.93,-1.14,0,2107.39
MSFT,2015/6/1,38.64513,2.91,-0.79,0,2063.11
MSFT,2015/7/1,40.877182,-4.17,-4.13,0,2103.84
MSFT,2015/8/1,38.093689,0.33,2.77,0,1972.18
MSFT,2015/9/1,38.996887,-2.62,0.56,0,1920.03
MSFT,2015/10/1,46.38039,-1.88,-0.46,0,2079.36
MSFT,2015/11/1,47.887066,3.6,-0.42,0,2080.41
MSFT,2015/12/1,49.212177,-2.84,-2.61,0.01,2043.94
MSFT,2016/1/1,48.866238,-3.42,2.09,0.01,1940.24
MSFT,2016/2/1,45.131851,0.73,-0.57,0.02,1932.23
MSFT,2016/3/1,49.342163,0.82,1.19,0.02,2059.74
MSFT,2016/4/1,44.553562,0.76,3.28,0.01,2065.3
MSFT,2016/5/1,47.349888,-0.17,-1.66,0.01,2096.95
MSFT,2016/6/1,46.03474,0.61,-1.48,0.02,2098.86
MSFT,2016/7/1,50.99176,2.49,-1.32,0.02,2173.6
MSFT,2016/8/1,51.693481,1.15,3.18,0.02,2170.95
MSFT,2016/9/1,52.142403,2.12,-1.24,0.02,2168.27
MSFT,2016/10/1,54.24258,-4.4,4.09,0.02,2126.15
MSFT,2016/11/1,54.550377,5.71,8.21,0.01,2198.81
MSFT,2016/12/1,56.632259,0.1,3.53,0.03,2238.83
MSFT,2017/1/1,58.919785,-1.19,-2.75,0.04,2278.87
MSFT,2017/2/1,58.30917,-2.05,-1.67,0.04,2363.64
MSFT,2017/3/1,60.386406,1.14,-3.35,0.03,2362.72
MSFT,2017/4/1,62.770344,0.73,-2.13,0.05,2384.2
MSFT,2017/5/1,64.035637,-2.57,-3.78,0.06,2411.8
MSFT,2017/6/1,63.563541,2.25,1.48,0.06,2423.41
MSFT,2017/7/1,67.040047,-1.51,-0.31,0.07,2470.3
MSFT,2017/8/1,68.948875,-1.67,-2.09,0.09,2471.65
MSFT,2017/9/1,69.056641,4.47,3.14,0.09,2519.36
MSFT,2017/10/1,77.112801,-1.94,0.2,0.09,2575.26
MSFT,2017/11/1,78.030586,-0.55,-0.03,0.08,2647.58
MSFT,2017/12/1,79.698929,-1.32,0.06,0.09,2673.61
MSFT,2018/1/1,88.522263,-3.13,-1.29,0.12,2823.81
MSFT,2018/2/1,87.366943,0.25,-1.04,0.11,2713.83
MSFT,2018/3/1,85.437096,4.06,-0.21,0.11,2640.87
MSFT,2018/4/1,87.543304,1.13,0.54,0.14,2648.05
MSFT,2018/5/1,92.523323,5.25,-3.2,0.14,2705.27
MSFT,2018/6/1,92.70813,1.14,-2.34,0.14,2718.37
MSFT,2018/7/1,99.731026,-2.22,0.47,0.16,2816.29
MSFT,2018/8/1,105.606956,1.14,-3.94,0.16,2901.52
MSFT,2018/9/1,107.93866,-2.27,-1.7,0.15,2913.98
MSFT,2018/10/1,100.803795,-4.78,3.4,0.19,2711.74
MSFT,2018/11/1,104.65435,-0.68,0.3,0.18,2760.17
MSFT,2018/12/1,96.272552,-2.38,-1.84,0.2,2506.85
MSFT,2019/1/1,98.983383,2.9,-0.46,0.21,2704.1
MSFT,2019/2/1,106.187004,2.05,-2.67,0.18,2784.49
MSFT,2019/3/1,112.26619,-3.05,-4.17,0.19,2834.4
MSFT,2019/4/1,124.317116,-1.74,2.15,0.21,2945.83
MSFT,2019/5/1,117.730034,-1.32,-2.37,0.21,2752.06
MSFT,2019/6/1,127.987511,0.29,-0.71,0.18,2941.76
MSFT,2019/7/1,130.194534,-1.93,0.48,0.19,2980.38
MSFT,2019/8/1,131.713608,-2.38,-4.78,0.16,2926.46
MSFT,2019/9/1,133.273804,-0.96,6.75,0.18,2976.74
MSFT,2019/10/1,137.434082,0.29,-1.91,0.16,3037.56
MSFT,2019/11/1,145.112457,0.77,-2.02,0.12,3140.98
MSFT,2019/12/1,151.685211,0.73,1.75,0.14,3230.78
MSFT,2020/1/1,163.737305,-3.11,-6.25,0.13,3225.52
MSFT,2020/2/1,155.830811,1.07,-3.81,0.12,2954.22
MSFT,2020/3/1,152.109161,-4.83,-13.87,0.13,2584.59
MSFT,2020/4/1,172.845642,2.45,-1.33,0,2912.43
MSFT,2020/5/1,176.742126,2.47,-4.88,0.01,3044.31
MSFT,2020/6/1,196.829285,2.69,-2.2,0.01,3100.29
MSFT,2020/7/1,198.280029,-2.33,-1.41,0.01,3271.12
MSFT,2020/8/1,218.126434,-0.22,-2.97,0.01,3500.31
MSFT,2020/9/1,203.917145,0.02,-2.71,0.01,3363
MSFT,2020/10/1,196.296799,4.38,4.25,0.01,3269.96
MSFT,2020/11/1,207.543152,5.8,2.09,0.01,3621.63
MSFT,2020/12/1,216.203125,4.89,-1.51,0.01,3756.07
MSFT,2021/1/1,225.476471,7.36,3.01,0.01,3714.24
MSFT,2021/2/1,225.884705,2.05,7.15,0,3811.15
MSFT,2021/3/1,229.707764,-2.37,7.39,0,3972.89
MSFT,2021/4/1,245.695816,-3.19,-0.95,0,4181.17
MSFT,2021/5/1,243.260101,-0.25,7.09,0,4204.11
MSFT,2021/6/1,264.543945,1.68,-7.87,0,4297.5
MSFT,2021/7/1,278.225311,-3.97,-1.78,0,4395.26
MSFT,2021/8/1,294.797089,-0.42,-0.15,0,4522.68
MSFT,2021/9/1,275.832428,0.71,5.08,0,4307.54
MSFT,2021/10/1,324.45929,-2.35,-0.49,0,4605.38
MSFT,2021/11/1,323.451477,-1.32,-0.45,0,4567
MSFT,2021/12/1,329.65979,-1.67,3.26,0.01,4766.18
MSFT,2022/1/1,304.821564,-5.94,12.75,0,4515.55
MSFT,2022/2/1,292.872986,2.19,3.08,0,4373.94
MSFT,2022/3/1,302.829376,-1.61,-1.81,0.01,4530.41
MSFT,2022/4/1,272.58667,-1.39,6.17,0.01,4131.93
MSFT,2022/5/1,267.037109,-1.83,8.39,0.03,4132.15
MSFT,2022/6/1,252.852005,2.1,-5.97,0.06,3785.38
MSFT,2022/7/1,276.391632,2.81,-4.05,0.08,4130.29
MSFT,2022/8/1,257.420135,1.4,0.29,0.19,3955
MSFT,2022/9/1,229.779358,-0.81,0.05,0.19,3585.62
MSFT,2022/10/1,229.019714,0.06,8.01,0.23,3871.98
MSFT,2022/11/1,251.721375,-3.52,1.38,0.29,4080.11
MSFT,2022/12/1,237.273453,-0.69,1.37,0.33,3839.5
MSFT,2023/1/1,245.178604,5.01,-4.01,0.35,4076.6
MSFT,2023/2/1,246.7715,1.17,-0.81,0.34,3970.15
MSFT,2023/3/1,285.953094,-5.51,-8.85,0.36,4109.31
MSFT,2023/4/1,304.758789,-3.35,-0.04,0.35,4169.48
MSFT,2023/5/1,325.716766,1.61,-7.72,0.36,4179.83
MSFT,2023/6/1,338.506226,1.54,-0.26,0.4,4450.38
MSFT,2023/7/1,333.913818,2.08,4.11,0.45,4588.96
MSFT,2023/8/1,325.802582,-3.16,-1.06,0.45,4507.66
MSFT,2023/9/1,314.528809,-2.51,1.52,0.43,4288.05
MSFT,2023/10/1,336.802307,-3.87,0.19,0.47,4193.8
MSFT,2023/11/1,377.444519,-0.02,1.64,0.44,4567.8
MSFT,2023/12/1,375.345886,6.35,4.94,0.43,4769.83
AMZN,2000/1/1,3.228125,5.77,-1.88,0.41,1394.46
AMZN,2000/2/1,3.44375,21.36,-9.59,0.43,1366.42
AMZN,2000/3/1,3.35,-17.2,8.13,0.47,1498.58
AMZN,2000/4/1,2.759375,-6.68,7.26,0.46,1452.43
AMZN,2000/5/1,2.415625,-6.05,4.75,0.5,1420.6
AMZN,2000/6/1,1.815625,12.84,-8.42,0.4,1454.6
AMZN,2000/7/1,1.50625,-3.07,8.31,0.48,1430.83
AMZN,2000/8/1,2.075,-0.61,-1.39,0.5,1517.68
AMZN,2000/9/1,1.921875,-1.82,7.17,0.51,1436.51
AMZN,2000/10/1,1.83125,-3.88,5.71,0.56,1429.4
AMZN,2000/11/1,1.234375,-3.41,12.3,0.51,1314.95
AMZN,2000/12/1,0.778125,0.73,7.61,0.5,1320.28
AMZN,2001/1/1,0.865625,6.68,-5.07,0.54,1366.01
AMZN,2001/2/1,0.509375,-0.78,12.47,0.38,1239.94
AMZN,2001/3/1,0.5115,0.25,6.42,0.42,1160.33
AMZN,2001/4/1,0.789,0.55,-4.67,0.39,1249.46
AMZN,2001/5/1,0.8345,2.5,3.36,0.32,1255.82
AMZN,2001/6/1,0.7075,6.24,-1.12,0.28,1224.38
AMZN,2001/7/1,0.6245,-4.19,5.21,0.3,1211.23
AMZN,2001/8/1,0.447,2.48,2.31,0.31,1133.58
AMZN,2001/9/1,0.2985,-6.23,1.45,0.28,1040.94
AMZN,2001/10/1,0.349,7.48,-7.65,0.22,1059.78
AMZN,2001/11/1,0.566,-0.47,2.21,0.17,1139.45
AMZN,2001/12/1,0.541,4.74,0.84,0.15,1148.08
AMZN,2002/1/1,0.7095,1.19,3.44,0.14,1130.2
AMZN,2002/2/1,0.705,-1.01,2.16,0.13,1106.73
AMZN,2002/3/1,0.715,4.21,1.06,0.13,1147.39
AMZN,2002/4/1,0.8345,5.96,3.88,0.15,1076.92
AMZN,2002/5/1,0.9115,-3.21,1.53,0.14,1067.14
AMZN,2002/6/1,0.8125,4.29,-0.05,0.13,989.82
AMZN,2002/7/1,0.7225,-5.28,-3.85,0.15,911.62
AMZN,2002/8/1,0.747,-2.86,3.28,0.14,916.07
AMZN,2002/9/1,0.7965,2.4,1.47,0.14,815.28
AMZN,2002/10/1,0.968,-3.41,-3.95,0.14,885.76
AMZN,2002/11/1,1.1675,3.18,-1.23,0.12,936.31
AMZN,2002/12/1,0.9445,0.09,2.14,0.11,879.82
AMZN,2003/1/1,1.0925,1.33,-0.83,0.1,855.7
AMZN,2003/2/1,1.1005,-0.45,-1.39,0.09,841.15
AMZN,2003/3/1,1.3015,1.02,-1.93,0.1,848.18
AMZN,2003/4/1,1.4345,0.63,1.14,0.1,916.92
AMZN,2003/5/1,1.7945,4.67,0.4,0.09,963.59
AMZN,2003/6/1,1.816,1.74,0.11,0.1,974.5
AMZN,2003/7/1,2.082,5.06,-1.24,0.07,990.31
AMZN,2003/8/1,2.316,2.59,1.53,0.07,1008.01
AMZN,2003/9/1,2.4215,0.8,0.16,0.08,995.97
AMZN,2003/10/1,2.7215,2.7,1.97,0.07,1050.71
AMZN,2003/11/1,2.6985,2.08,1.78,0.07,1058.2
AMZN,2003/12/1,2.631,-2.68,1.6,0.08,1111.92
AMZN,2004/1/1,2.52,2.55,2.49,0.07,1131.13
AMZN,2004/2/1,2.1505,-1.58,0.9,0.06,1144.94
AMZN,2004/3/1,2.164,1.72,0.27,0.09,1126.21
AMZN,2004/4/1,2.18,-1.68,-3.1,0.08,1107.3
AMZN,2004/5/1,2.425,-0.2,-0.25,0.06,1120.68
AMZN,2004/6/1,2.72,2.26,1.18,0.08,1140.84
AMZN,2004/7/1,1.946,-3.81,3.24,0.1,1101.72
AMZN,2004/8/1,1.907,-1.48,0.97,0.11,1104.24
AMZN,2004/9/1,2.043,3.01,0,0.11,1114.58
AMZN,2004/10/1,1.7065,0.15,-0.22,0.11,1130.2
AMZN,2004/11/1,1.984,3.74,1.41,0.15,1173.82
AMZN,2004/12/1,2.2145,-0.03,-0.22,0.16,1211.92
AMZN,2005/1/1,2.161,-1.72,2.06,0.16,1181.27
AMZN,2005/2/1,1.759,-0.57,1.54,0.16,1203.6
AMZN,2005/3/1,1.7135,-1.4,2.04,0.21,1180.59
AMZN,2005/4/1,1.618,-3.94,0.07,0.21,1156.85
AMZN,2005/5/1,1.7755,2.89,-0.64,0.24,1191.5
AMZN,2005/6/1,1.6545,2.58,2.83,0.23,1191.33
AMZN,2005/7/1,2.2575,2.91,-0.79,0.24,1234.18
AMZN,2005/8/1,2.135,-0.97,1.32,0.3,1220.33
AMZN,2005/9/1,2.265,-0.65,0.71,0.29,1228.81
AMZN,2005/10/1,1.993,-1.25,0.42,0.27,1207.01
AMZN,2005/11/1,2.423,0.99,-1.16,0.31,1249.48
AMZN,2005/12/1,2.3575,-0.42,0.2,0.32,1248.29
AMZN,2006/1/1,2.241,5.39,1.08,0.35,1280.08
AMZN,2006/2/1,1.872,-0.38,-0.34,0.34,1280.66
AMZN,2006/3/1,1.8265,3.44,0.6,0.37,1294.87
AMZN,2006/4/1,1.7605,-1.42,2.34,0.36,1310.61
AMZN,2006/5/1,1.7305,-2.96,2.41,0.43,1270.09
AMZN,2006/6/1,1.934,-0.39,0.85,0.4,1270.2
AMZN,2006/7/1,1.3445,-3.98,2.6,0.4,1276.66
AMZN,2006/8/1,1.5415,1.03,-2.06,0.42,1303.82
AMZN,2006/9/1,1.606,-1.36,0.08,0.41,1335.85
AMZN,2006/10/1,1.9045,1.75,-0.31,0.41,1377.94
AMZN,2006/11/1,2.017,0.7,0.14,0.42,1400.63
AMZN,2006/12/1,1.973,-1.14,2.73,0.4,1418.3
AMZN,2007/1/1,1.8835,0.13,-0.68,0.44,1438.24
AMZN,2007/2/1,1.957,1.19,-0.14,0.38,1406.82
AMZN,2007/3/1,1.9895,0.16,-0.97,0.43,1420.86
AMZN,2007/4/1,3.0665,-2.16,-1.45,0.44,1482.37
AMZN,2007/5/1,3.457,0.24,-0.65,0.41,1530.62
AMZN,2007/6/1,3.4205,0.74,-1.05,0.4,1503.35
AMZN,2007/7/1,3.927,-2.61,-3.71,0.4,1455.27
AMZN,2007/8/1,3.9955,-0.12,-1.86,0.42,1473.99
AMZN,2007/9/1,4.6575,-2.23,-2.21,0.32,1526.75
AMZN,2007/10/1,4.4575,0.08,-2.98,0.32,1549.38
AMZN,2007/11/1,4.528,-2.93,-0.94,0.34,1481.14
AMZN,2007/12/1,4.632,0.13,-0.55,0.27,1468.36
AMZN,2008/1/1,3.885,-1.03,3.97,0.21,1378.55
AMZN,2008/2/1,3.2235,-0.43,-0.84,0.13,1330.63
AMZN,2008/3/1,3.565,0.71,0.3,0.17,1322.7
AMZN,2008/4/1,3.9315,-1.72,-0.94,0.18,1385.59
AMZN,2008/5/1,4.081,2.96,-1.43,0.18,1400.38
AMZN,2008/6/1,3.6665,1.23,-2.71,0.17,1280
AMZN,2008/7/1,3.817,2.61,5.42,0.15,1267.38
AMZN,2008/8/1,4.0405,3.6,1.59,0.13,1282.83
AMZN,2008/9/1,3.638,-1.23,5.91,0.15,1166.36
AMZN,2008/10/1,2.862,-2.6,-2.3,0.08,968.75
AMZN,2008/11/1,2.135,-2.85,-6.31,0.03,896.24
AMZN,2008/12/1,2.564,3.46,0.14,0,903.25
AMZN,2009/1/1,2.941,0.07,-11.29,0,825.88
AMZN,2009/2/1,3.2395,0.05,-6.95,0.01,735.09
AMZN,2009/3/1,3.672,0.03,3.47,0.02,797.87
AMZN,2009/4/1,4.026,5.4,5.36,0.01,872.81
AMZN,2009/5/1,3.8995,-2.52,0.28,0,919.14
AMZN,2009/6/1,4.183,2.63,-2.73,0.01,919.32
AMZN,2009/7/1,4.288,1.87,4.83,0.01,987.48
AMZN,2009/8/1,4.0595,-1.08,7.63,0.01,1020.62
AMZN,2009/9/1,4.668,2.43,1.05,0.01,1057.08
AMZN,2009/10/1,5.9405,-4.35,-4.21,0,1036.19
AMZN,2009/11/1,6.7955,-2.4,-0.34,0,1095.63
AMZN,2009/12/1,6.726,6.05,-0.17,0.01,1115.1
AMZN,2010/1/1,6.2705,0.4,0.43,0,1073.87
AMZN,2010/2/1,5.92,1.19,3.23,0,1104.49
AMZN,2010/3/1,6.7885,1.48,2.21,0.01,1169.43
AMZN,2010/4/1,6.855,4.87,2.89,0.01,1186.69
AMZN,2010/5/1,6.273,0.09,-2.44,0.01,1089.41
AMZN,2010/6/1,5.463,-1.82,-4.7,0.01,1030.71
AMZN,2010/7/1,5.8945,0.2,-0.31,0.01,1101.6
AMZN,2010/8/1,6.2415,-3,-1.9,0.01,1049.33
AMZN,2010/9/1,7.853,3.96,-3.16,0.01,1141.2
AMZN,2010/10/1,8.2615,1.14,-2.43,0.01,1183.26
AMZN,2010/11/1,8.77,3.77,-0.96,0.01,1180.55
AMZN,2010/12/1,9,0.73,3.7,0.01,1257.64
AMZN,2011/1/1,8.482,-2.5,0.83,0.01,1286.12
AMZN,2011/2/1,8.6645,1.53,1.27,0.01,1327.22
AMZN,2011/3/1,9.0065,2.54,-1.83,0.01,1325.83
AMZN,2011/4/1,9.7905,-0.38,-2.43,0,1363.61
AMZN,2011/5/1,9.8345,-0.59,-2.12,0,1345.2
AMZN,2011/6/1,10.2245,-0.12,-0.42,0,1320.64
AMZN,2011/7/1,11.126,-1.26,-0.9,0,1292.28
AMZN,2011/8/1,10.7615,-3.05,-2.36,0.01,1218.89
AMZN,2011/9/1,10.8115,-3.31,-1.72,0,1131.42
AMZN,2011/10/1,10.6755,3.28,0.1,0,1253.3
AMZN,2011/11/1,9.6145,-0.16,-0.46,0,1246.96
AMZN,2011/12/1,8.655,-0.59,1.63,0,1257.6
AMZN,2012/1/1,9.722,2.04,-0.97,0,1312.41
AMZN,2012/2/1,8.9845,-1.85,0.43,0,1365.68
AMZN,2012/3/1,10.1255,-0.64,1.14,0,1408.47
AMZN,2012/4/1,11.595,-0.42,-0.78,0,1397.91
AMZN,2012/5/1,10.6455,0.07,-1.07,0.01,1310.33
AMZN,2012/6/1,11.4175,0.67,0.62,0,1362.16
AMZN,2012/7/1,11.665,-2.74,-0.02,0,1379.32
AMZN,2012/8/1,12.4135,0.47,1.3,0.01,1406.58
AMZN,2012/9/1,12.716,0.5,1.6,0.01,1440.67
AMZN,2012/10/1,11.6445,-1.15,3.59,0.01,1412.16
AMZN,2012/11/1,12.6025,0.63,-0.84,0.01,1416.18
AMZN,2012/12/1,12.5435,1.48,3.51,0.01,1426.19
AMZN,2013/1/1,13.275,0.33,0.96,0,1498.11
AMZN,2013/2/1,13.2135,-0.27,0.11,0,1514.68
AMZN,2013/3/1,13.3245,0.81,-0.19,0,1569.19
AMZN,2013/4/1,12.6905,-2.37,0.45,0,1597.57
AMZN,2013/5/1,13.46,1.7,2.63,0,1630.74
AMZN,2013/6/1,13.8845,1.33,0.03,0,1606.28
AMZN,2013/7/1,15.061,1.87,0.57,0,1685.73
AMZN,2013/8/1,14.049,0.27,-2.69,0,1632.97
AMZN,2013/9/1,15.632,2.88,-1.22,0,1681.55
AMZN,2013/10/1,18.2015,-1.53,1.25,0,1756.54
AMZN,2013/11/1,19.681,1.29,0.32,0,1805.81
AMZN,2013/12/1,19.939501,-0.46,-0.02,0,1848.36
AMZN,2014/1/1,17.9345,0.89,-2.07,0,1782.59
AMZN,2014/2/1,18.105,0.35,-0.31,0,1859.45
AMZN,2014/3/1,16.818501,-1.81,4.93,0,1872.34
AMZN,2014/4/1,15.2065,-4.19,1.17,0,1883.95
AMZN,2014/5/1,15.6275,-1.88,-0.13,0,1923.57
AMZN,2014/6/1,16.239,3.09,-0.7,0,1960.23
AMZN,2014/7/1,15.6495,-4.29,0.03,0,1930.67
AMZN,2014/8/1,16.952,0.4,-0.45,0,2003.37
AMZN,2014/9/1,16.122,-3.71,-1.34,0,1972.29
AMZN,2014/10/1,15.273,4.21,-1.81,0,2018.05
AMZN,2014/11/1,16.931999,-2.06,-3.09,0,2067.56
AMZN,2014/12/1,15.5175,2.49,2.27,0,2058.9
AMZN,2015/1/1,17.7265,-0.56,-3.58,0,1994.99
AMZN,2015/2/1,19.007999,0.63,-1.86,0,2104.5
AMZN,2015/3/1,18.605,3.04,-0.37,0,2067.89
AMZN,2015/4/1,21.089001,-3.06,1.82,0,2085.51
AMZN,2015/5/1,21.4615,0.93,-1.14,0,2107.39
AMZN,2015/6/1,21.7045,2.91,-0.79,0,2063.11
AMZN,2015/7/1,26.807501,-4.17,-4.13,0,2103.84
AMZN,2015/8/1,25.644501,0.33,2.77,0,1972.18
AMZN,2015/9/1,25.5945,-2.62,0.56,0,1920.03
AMZN,2015/10/1,31.295,-1.88,-0.46,0,2079.36
AMZN,2015/11/1,33.240002,3.6,-0.42,0,2080.41
AMZN,2015/12/1,33.794498,-2.84,-2.61,0.01,2043.94
AMZN,2016/1/1,29.35,-3.42,2.09,0.01,1940.24
AMZN,2016/2/1,27.625999,0.73,-0.57,0.02,1932.23
AMZN,2016/3/1,29.681999,0.82,1.19,0.02,2059.74
AMZN,2016/4/1,32.9795,0.76,3.28,0.01,2065.3
AMZN,2016/5/1,36.1395,-0.17,-1.66,0.01,2096.95
AMZN,2016/6/1,35.780998,0.61,-1.48,0.02,2098.86
AMZN,2016/7/1,37.940498,2.49,-1.32,0.02,2173.6
AMZN,2016/8/1,38.458,1.15,3.18,0.02,2170.95
AMZN,2016/9/1,41.865501,2.12,-1.24,0.02,2168.27
AMZN,2016/10/1,39.491001,-4.4,4.09,0.02,2126.15
AMZN,2016/11/1,37.5285,5.71,8.21,0.01,2198.81
AMZN,2016/12/1,37.4935,0.1,3.53,0.03,2238.83
AMZN,2017/1/1,41.174,-1.19,-2.75,0.04,2278.87
AMZN,2017/2/1,42.251999,-2.05,-1.67,0.04,2363.64
AMZN,2017/3/1,44.327,1.14,-3.35,0.03,2362.72
AMZN,2017/4/1,46.2495,0.73,-2.13,0.05,2384.2
AMZN,2017/5/1,49.730999,-2.57,-3.78,0.06,2411.8
AMZN,2017/6/1,48.400002,2.25,1.48,0.06,2423.41
AMZN,2017/7/1,49.389,-1.51,-0.31,0.07,2470.3
AMZN,2017/8/1,49.029999,-1.67,-2.09,0.09,2471.65
AMZN,2017/9/1,48.067501,4.47,3.14,0.09,2519.36
AMZN,2017/10/1,55.264,-1.94,0.2,0.09,2575.26
AMZN,2017/11/1,58.837502,-0.55,-0.03,0.08,2647.58
AMZN,2017/12/1,58.473499,-1.32,0.06,0.09,2673.61
AMZN,2018/1/1,72.544502,-3.13,-1.29,0.12,2823.81
AMZN,2018/2/1,75.622498,0.25,-1.04,0.11,2713.83
AMZN,2018/3/1,72.366997,4.06,-0.21,0.11,2640.87
AMZN,2018/4/1,78.306503,1.13,0.54,0.14,2648.05
AMZN,2018/5/1,81.481003,5.25,-3.2,0.14,2705.27
AMZN,2018/6/1,84.989998,1.14,-2.34,0.14,2718.37
AMZN,2018/7/1,88.872002,-2.22,0.47,0.16,2816.29
AMZN,2018/8/1,100.635498,1.14,-3.94,0.16,2901.52
AMZN,2018/9/1,100.150002,-2.27,-1.7,0.15,2913.98
AMZN,2018/10/1,79.900497,-4.78,3.4,0.19,2711.74
AMZN,2018/11/1,84.508499,-0.68,0.3,0.18,2760.17
AMZN,2018/12/1,75.098503,-2.38,-1.84,0.2,2506.85
AMZN,2019/1/1,85.936501,2.9,-0.46,0.21,2704.1
AMZN,2019/2/1,81.991501,2.05,-2.67,0.18,2784.49
AMZN,2019/3/1,89.037498,-3.05,-4.17,0.19,2834.4
AMZN,2019/4/1,96.325996,-1.74,2.15,0.21,2945.83
AMZN,2019/5/1,88.753502,-1.32,-2.37,0.21,2752.06
AMZN,2019/6/1,94.681503,0.29,-0.71,0.18,2941.76
AMZN,2019/7/1,93.338997,-1.93,0.48,0.19,2980.38
AMZN,2019/8/1,88.814499,-2.38,-4.78,0.16,2926.46
AMZN,2019/9/1,86.795502,-0.96,6.75,0.18,2976.74
AMZN,2019/10/1,88.833,0.29,-1.91,0.16,3037.56
AMZN,2019/11/1,90.040001,0.77,-2.02,0.12,3140.98
AMZN,2019/12/1,92.391998,0.73,1.75,0.14,3230.78
AMZN,2020/1/1,100.435997,-3.11,-6.25,0.13,3225.52
AMZN,2020/2/1,94.1875,1.07,-3.81,0.12,2954.22
AMZN,2020/3/1,97.486,-4.83,-13.87,0.13,2584.59
AMZN,2020/4/1,123.699997,2.45,-1.33,0,2912.43
AMZN,2020/5/1,122.1185,2.47,-4.88,0.01,3044.31
AMZN,2020/6/1,137.940994,2.69,-2.2,0.01,3100.29
AMZN,2020/7/1,158.233994,-2.33,-1.41,0.01,3271.12
AMZN,2020/8/1,172.548004,-0.22,-2.97,0.01,3500.31
AMZN,2020/9/1,157.436493,0.02,-2.71,0.01,3363
AMZN,2020/10/1,151.807495,4.38,4.25,0.01,3269.96
AMZN,2020/11/1,158.401993,5.8,2.09,0.01,3621.63
AMZN,2020/12/1,162.846497,4.89,-1.51,0.01,3756.07
AMZN,2021/1/1,160.309998,7.36,3.01,0.01,3714.24
AMZN,2021/2/1,154.6465,2.05,7.15,0,3811.15
AMZN,2021/3/1,154.703995,-2.37,7.39,0,3972.89
AMZN,2021/4/1,173.371002,-3.19,-0.95,0,4181.17
AMZN,2021/5/1,161.153503,-0.25,7.09,0,4204.11
AMZN,2021/6/1,172.007996,1.68,-7.87,0,4297.5
AMZN,2021/7/1,166.379501,-3.97,-1.78,0,4395.26
AMZN,2021/8/1,173.539505,-0.42,-0.15,0,4522.68
AMZN,2021/9/1,164.251999,0.71,5.08,0,4307.54
AMZN,2021/10/1,168.621506,-2.35,-0.49,0,4605.38
AMZN,2021/11/1,175.3535,-1.32,-0.45,0,4567
AMZN,2021/12/1,166.716995,-1.67,3.26,0.01,4766.18
AMZN,2022/1/1,149.573502,-5.94,12.75,0,4515.55
AMZN,2022/2/1,153.563004,2.19,3.08,0,4373.94
AMZN,2022/3/1,162.997498,-1.61,-1.81,0.01,4530.41
AMZN,2022/4/1,124.281502,-1.39,6.17,0.01,4131.93
AMZN,2022/5/1,120.209503,-1.83,8.39,0.03,4132.15
AMZN,2022/6/1,106.209999,2.1,-5.97,0.06,3785.38
AMZN,2022/7/1,134.949997,2.81,-4.05,0.08,4130.29
AMZN,2022/8/1,126.769997,1.4,0.29,0.19,3955
AMZN,2022/9/1,113,-0.81,0.05,0.19,3585.62
AMZN,2022/10/1,102.440002,0.06,8.01,0.23,3871.98
AMZN,2022/11/1,96.540001,-3.52,1.38,0.29,4080.11
AMZN,2022/12/1,84,-0.69,1.37,0.33,3839.5
AMZN,2023/1/1,103.129997,5.01,-4.01,0.35,4076.6
AMZN,2023/2/1,94.230003,1.17,-0.81,0.34,3970.15
AMZN,2023/3/1,103.290001,-5.51,-8.85,0.36,4109.31
AMZN,2023/4/1,105.449997,-3.35,-0.04,0.35,4169.48
AMZN,2023/5/1,120.580002,1.61,-7.72,0.36,4179.83
AMZN,2023/6/1,130.360001,1.54,-0.26,0.4,4450.38
AMZN,2023/7/1,133.679993,2.08,4.11,0.45,4588.96
AMZN,2023/8/1,138.009995,-3.16,-1.06,0.45,4507.66
AMZN,2023/9/1,127.120003,-2.51,1.52,0.43,4288.05
AMZN,2023/10/1,133.089996,-3.87,0.19,0.47,4193.8
AMZN,2023/11/1,146.089996,-0.02,1.64,0.44,4567.8
AMZN,2023/12/1,151.940002,6.35,4.94,0.43,4769.83